rank,group,overall_priority,business_name,city,state_province,country,website,instagram,business_category,sauna_type,locations_known,retail_products,memberships_or_recurring,contact_person,contact_role,email,email_source,contact_page,wholesale_potential,relationship_potential,decision_maker_access,naosu_akari_similarity,koriboshi_fit,outreach_angle,personalized_start,caveats,research_depth,social_evidence,database_ids,database_location_names,database_status,sources,checked_on,outreach_status,last_contacted,next_action
1,Top 20 — Contact first,High,Löyly Sauna (Portland),Portland,Oregon,United States,https://www.loyly.net,https://www.instagram.com/loylysaunapdx,Design-led bathhouse / bathing club,Finnish traditional sauna; steam; guided aufguss,2 Portland venues shown,"Confirmed product shop: house skincare, oils, candles and outside brands; on-site availability to confirm",Confirmed monthly sauna memberships and Sweat Social / aufguss events,Not publicly identified; ask for retail buyer,Retail buyer / general manager (requested role),southeast@loyly.net,https://www.loyly.net,https://www.loyly.net/locations,5,5,3,Close analogue,"Finnish sauna rituals, a curated house-product range and repeat members create a practical accessory-selling context.",Explore a small retail test,Offer a small cotton-hat assortment beside the house sauna products; invite the ritual team to try one first.,Buying authority is not named; do not treat ritual facilitators as buyers.,Individually reviewed official pages; supplemental public reporting where noted,Official-site profile link found; audience size and recent engagement not measured,676,Löyly Sauna,active,"https://www.loyly.net
https://loyly-sauna.myshopify.com/
https://www.loyly.net/memberships
https://www.loyly.net/events
https://www.loyly.net/locations",2026-10-05,Not contacted,,Offer a small cotton-hat assortment beside the house sauna products; invite the ritual team to try one first.
2,Top 20 — Contact first,High,Soho Saunas,Midway,Utah,United States,https://www.sohosaunas.com/,https://www.instagram.com/sohosaunas/,Design-led bathhouse / bathing club,Japanese-inspired traditional sauna and cold plunge,1 Midway venue shown,Hats supplied to visitors; separate retail sales unknown,Confirmed unlimited membership and visit passes,Shane Inoue,"Co-owner and president, ONZEN LLC",info@sohosaunas.com,https://www.sohosaunas.com/,https://www.sohosaunas.com/,5,5,4,Close analogue,"Japanese bathing roots and hats already included in visits make comfort, laundering and guest take-home purchases directly relevant.",Ask for product feedback,"Offer Shane a sample to compare with their current guest hats, then discuss a take-home retail option.",Existing hat supply is established; replacement demand and laundering suitability are unverified.,Individually reviewed official pages; supplemental public reporting where noted,Official-site profile link found; audience size and recent engagement not measured,927,Soho Saunas,active,"https://www.sohosaunas.com/
https://www.sohosaunas.com/our-story
https://www.sohosaunas.com/membership
https://www.sohosaunas.com/events",2026-10-05,Not contacted,,"Offer Shane a sample to compare with their current guest hats, then discuss a take-home retail option."
3,Top 20 — Contact first,High,Element Outdoor Sauna,Toronto,Ontario,Canada,http://www.elementoutdoorsauna.com/,https://www.instagram.com/elementoutdoorsauna/,Sauna / contrast therapy community,Traditional sauna and cold plunge,1 Toronto venue shown,Confirmed hats gifted with membership; standalone retail unknown,Confirmed unlimited memberships and coached contrast sessions,Denise Tompkins,Owner / Certified Thermalist,info@elementoutdoorsauna.com,https://www.elementoutdoorsauna.com/,http://www.elementoutdoorsauna.com/,5,5,4,Close analogue,"Owner-led contrast practice already uses a free sauna hat as a membership benefit, creating a specific replenishment or gifting use.",Offer a complimentary sauna hat,Ask Denise to test koriboshi as a possible future member welcome gift.,"Current supplier, gift budget and unit economics are unknown.",Individually reviewed official pages; supplemental public reporting where noted,Official-site profile link found; audience size and recent engagement not measured,826,Element Outdoor Sauna,active,"https://www.elementoutdoorsauna.com/
https://www.elementoutdoorsauna.com/about
https://www.elementoutdoorsauna.com/memberships",2026-10-05,Not contacted,,Ask Denise to test koriboshi as a possible future member welcome gift.
4,Top 20 — Contact first,High,SaunaGlo,Milwaukie,Oregon,United States,https://www.saunaglo.com,https://www.instagram.com/sauna.glo/,Sauna / contrast therapy community,Finnish-standard sauna and cold plunge,1 Milwaukie venue shown (Portland metro),Unknown; no merchandise range verified,Confirmed memberships and sauna-culture events,Katie Calcagno,Founder / operations director,relax@saunaglo.com,https://www.saunaglo.com,https://www.saunaglo.com,4,5,4,Close analogue,"Named operating founder, Finnish-standard heat and a calendar of cultural gatherings support thoughtful product feedback and member introductions.",Offer a complimentary sauna hat,Offer Katie and Michael a sample for their regular sauna practice and a small member feedback session.,Retail shelf space is unverified; lead with relationship value.,Individually reviewed official pages; supplemental public reporting where noted,Official-site profile link found; audience size and recent engagement not measured,683,SaunaGlo,active,"https://www.saunaglo.com
https://www.saunaglo.com/about
https://www.saunaglo.com/membership
https://www.saunaglo.com/events
https://www.saunaglo.com/location",2026-10-05,Not contacted,,Offer Katie and Michael a sample for their regular sauna practice and a small member feedback session.
5,Top 20 — Contact first,High,Red Rock Sauna,Denver,Colorado,United States,https://redrocksauna.com/,https://www.instagram.com/redrock.sauna/,Sauna / contrast therapy community,Traditional sauna and cold plunge,1 Denver base plus mobile events,Confirmed merchandise link and member retail discounts; assortment to confirm,"Confirmed memberships, member socials and events",Alivia and Joe (surnames not published on reviewed pages),Co-founders,info@redrocksauna.com,https://redrocksauna.com/,https://redrocksauna.com/pages/contact,4,5,4,Close analogue,"Founder-run neighborhood sauna already has a merchandise channel and local partner perks, making a small accessory test plausible.",Explore a small retail test,Connect the hat to their social sauna sessions and existing member retail perk.,Mobile operations may limit stock storage and display space.,Individually reviewed official pages; supplemental public reporting where noted,Official-site profile link found; audience size and recent engagement not measured,691,Red Rock Sauna,active,"https://redrocksauna.com/
https://redrocksauna.com/pages/contact
https://redrocksauna.com/pages/about-us
https://redrocksauna.com/pages/daypasses-memberships
https://redrocksauna.com/pages/upcoming-events",2026-10-05,Not contacted,,Connect the hat to their social sauna sessions and existing member retail perk.
6,Top 20 — Contact first,High,Kolm Kontrast,Vancouver,British Columbia,Canada,https://kolmkontrast.com/,https://www.instagram.com/kolmkontrast/,Sauna / contrast therapy community,Traditional social sauna; guided aufguss; ice baths,1 Vancouver venue shown,Branded tote and sauna hat shown by design partner; active on-site retail unconfirmed,"Confirmed passes/memberships, guided sessions, aufguss and social events",Julia Glynn,Co-founder,info@kolmkontrast.com,https://kolmkontrast.com/,https://kolmkontrast.com/contact/,4,5,4,Close analogue,"Design-led 50-person sauna, guided heat rituals and existing branded accessories make this a strong aesthetic and community match.",Ask for product feedback,Send Julia a design-focused introduction and offer a washable cotton sample for the guide team.,Existing branded hats may be a competing supplier; ask about an alternative material before wholesale.,Individually reviewed official pages; supplemental public reporting where noted,Official-site profile link found; audience size and recent engagement not measured,777,Kolm Kontrast,active,"https://kolmkontrast.com/
https://kolmkontrast.com/contact/
https://kolmkontrast.com/about-us/
https://kolmkontrast.com/events/
https://kolmkontrast.com/event/singles-social/
https://www.brucemaudesign.com/work/kolm",2026-10-05,Not contacted,,Send Julia a design-focused introduction and offer a washable cotton sample for the guide team.
7,Top 20 — Contact first,High,Akari Sauna,New York City (Brooklyn),New York,United States,https://akarisauna.com/,https://www.instagram.com/akarisauna/,Design-led bathhouse / bathing club,Japanese-inspired communal dry sauna; cold plunge,3 locations listed on current site; 2 in database,"Confirmed shop: collaboration sauna hat, bags, apparel and socks",Confirmed recurring memberships,Shayna Olsan / Luke Carstens,Co-founders,hello@akarisauna.com,https://www.akarisauna.com/contact,https://www.akarisauna.com/contact,4,5,4,Benchmark,"Japanese neighborhood-sauna identity closely matches koriboshi, and the existing accessory shop proves category familiarity.",Ask for product feedback,Acknowledge their Yokkoyama collaboration and offer a cotton-blend hat as a different everyday option.,Do not pitch as if they lack hats; third-location operating status and buying process need confirmation.,Individually reviewed official pages; supplemental public reporting where noted,Official-site profile link found; audience size and recent engagement not measured,44; 45,Akari Sauna Williamsburg; Akari Sauna Greenpoint,active,"https://www.akarisauna.com/
https://www.akarisauna.com/contact
https://www.akarisauna.com/membership
https://shop.akarisauna.com/
https://lakehouse.vc/portfolio/akari-sauna/",2026-10-05,Not contacted,,Acknowledge their Yokkoyama collaboration and offer a cotton-blend hat as a different everyday option.
8,Top 20 — Contact first,High,Lore Bathing Club,New York City,New York,United States,https://www.lorebathingclub.com/,https://www.instagram.com/lorebathingclub/,Design-led bathhouse / bathing club,Finnish dry sauna; infrared; cold plunge,1 NoHo venue shown,Unknown; member brand-partner perks are advertised,Confirmed monthly memberships and members-first programming,James O'Reilly / Adam Elzer,Co-founders (public interviews),info@lorebathingclub.com,https://www.lorebathingclub.com/,https://www.lorebathingclub.com/,4,5,4,Close analogue,"Small-format bathing, design-conscious hospitality and explicit member partner perks create a strong route for samples and a limited retail experiment.",Explore a small retail test,Propose a discreet member trial that fits their weekly bathing routine and partner perks.,Confirm current buyer through general email; no public merchandise range was verified.,Individually reviewed official pages; supplemental public reporting where noted,Official-site profile link found; audience size and recent engagement not measured,41,Lore Bathing Club,active,"https://www.lorebathingclub.com/
https://www.lorebathingclub.com/membership
https://www.athleisuremag.com/the-latest/2026/6/20/the-9list-x-lore-bathing-club",2026-10-05,Not contacted,,Propose a discreet member trial that fits their weekly bathing routine and partner perks.
9,Top 20 — Contact first,High,Embrace North,Minneapolis,Minnesota,United States,https://embracenorth.com,https://www.instagram.com/embracenorth,Sauna / contrast therapy community,Traditional electric sauna and cold plunge,2 locations shown: Minneapolis and Denver,Confirmed towels and water bottles sold on-site,Confirmed unlimited subscription and frequent communal sessions,Not publicly identified; ask for operating owner,Owner / operations lead (requested role),info@embracenorth.com,https://embracenorth.com,https://embracenorth.com,4,5,3,Community analogue,Affordable recurring access and on-site essentials suggest repeat sauna users who could buy a practical hat after testing it.,Explore a small retail test,"Offer samples to hosts, followed by a compact display beside towels and water bottles.",Price-sensitive positioning may constrain margin or acceptable retail price.,Individually reviewed official pages; supplemental public reporting where noted,Official-site profile link found; audience size and recent engagement not measured,666,Embrace North,active,"https://embracenorth.com
https://embracenorth.com/community",2026-10-05,Not contacted,,"Offer samples to hosts, followed by a compact display beside towels and water bottles."
10,Top 20 — Contact first,High,Eastend,Chicago,Illinois,United States,https://practiceeastend.com/,https://www.instagram.com/practice.eastend/,Sauna / contrast therapy community,Finnish sauna; infrared; cold plunge,1 Chicago venue shown,Unknown; towels or equipment provided do not establish retail,"Confirmed sauna/cold-plunge memberships, classes and events",Suman Chagarlamudi / Amanda Hanlon,Co-founders (current official site),hello@practiceeastend.com,https://practiceeastend.com/contact,https://practiceeastend.com/contact,4,5,4,Close analogue,"Large Finnish social sauna and guided programming sit at the core of a modern club, giving hats a use beyond its other recovery treatments.",Offer a complimentary sauna hat,Offer founders and sauna guides samples for use during guided heat sessions.,Older reporting uses Amanda Mizen; current official site uses Amanda Hanlon. Route via the business inbox.,Individually reviewed official pages; supplemental public reporting where noted,Official-site profile link found; audience size and recent engagement not measured,637,Eastend,active,"https://practiceeastend.com/
https://practiceeastend.com/contact
https://practiceeastend.com/about
https://practiceeastend.com/packages-and-memberships
https://practiceeastend.com/events",2026-10-05,Not contacted,,Offer founders and sauna guides samples for use during guided heat sessions.
11,Top 20 — Contact first,High,The Good Sauna,Vancouver,British Columbia,Canada,http://www.thegoodsauna.com/,https://www.instagram.com/thegoodsauna/,Sauna / contrast therapy community,Finnish-style outdoor sauna and cold plunge,Vancouver confirmed; other Canadian locations advertised as coming soon; UK affiliate excluded,Unknown; towel provision and robe rental are not retail evidence,Confirmed community/private sessions; app offers passes and memberships,Oll Farrell,Founder (public interview),info@thegoodsauna.com,https://www.thegoodsauna.com/,http://www.thegoodsauna.com/,4,5,4,Close analogue,Community sauna at Container Brewing and explicit collaboration inquiries fit a small founder-led activation or run-club giveaway.,Creator / community partnership,Suggest a small hat trial at an existing run-club or community sauna gathering.,Confirm seasonal schedule and which Canadian sites are operating.,Individually reviewed official pages; supplemental public reporting where noted,Official-site profile link found; audience size and recent engagement not measured,779,The Good Sauna,active,"https://www.thegoodsauna.com/
https://www.thegoodsauna.com/about
https://revenuebrand.com/shared-values-oll-farrell/",2026-10-05,Not contacted,,Suggest a small hat trial at an existing run-club or community sauna gathering.
12,Top 20 — Contact first,High,Bywater Sauna,Seattle,Washington,United States,https://www.bywatersauna.com/,Not verified,Sauna / contrast therapy community,Scandinavian-style mobile sauna; open-water plunge,At least 2 database sites; current site also lists other Seattle stops,Unknown; no product inventory verified,Confirmed unlimited sauna membership and group sessions,Nate Garberich,Founder; official hiring page names Nate,info@bywatersauna.com,https://www.bywatersauna.com/,https://www.bywatersauna.com/,3,5,4,Community analogue,Beach-based sauna memberships and a community-first founder make host sampling and repeat-user feedback more likely than a large initial order.,Offer a complimentary sauna hat,Offer Nate and the hosts hats for a member feedback round after shoreline sessions.,Pop-up storage and retail permissions are unverified; do not count each stop as a separate buyer.,Individually reviewed official pages; supplemental public reporting where noted,Profile / recent activity not verified,570; 576,Bywater Sauna; Bywater Sauna - Alki,active,"https://www.bywatersauna.com/
https://www.bywatersauna.com/membership
https://www.bywatersauna.com/hiring-who
https://www.linkedin.com/company/bywater-sauna",2026-10-05,Not contacted,,Offer Nate and the hosts hats for a member feedback round after shoreline sessions.
13,Top 20 — Contact first,High,Sauna Strong,Minneapolis,Minnesota,United States,https://saunastrong.com,https://www.instagram.com/saunastrong/,Sauna / contrast therapy community,Community traditional sauna; communal/private infrared,1 Minneapolis venue shown,Unknown; no physical merchandise range verified,Confirmed monthly community memberships and session packages,Harrison Klein,Founder,info@saunastrong.com,https://saunastrong.com,https://saunastrong.com,4,5,4,Close analogue,"A named founder is building a recurring social club around communal sauna and recovery, with training as an adjacent activity.",Offer a complimentary sauna hat,Introduce the hat as an everyday sauna accessory for the community room; ask Harrison for feedback.,Mixed wellness offering; keep the pitch focused on community heat sessions rather than private infrared.,Individually reviewed official pages; supplemental public reporting where noted,Official-site profile link found; audience size and recent engagement not measured,668,Sauna Strong,active,"https://saunastrong.com
https://saunastrong.com/about-us
https://saunastrong.com/elite-membership
https://saunastrong.com/community-sauna
https://saunastrong.com/community-infrared-sauna",2026-10-05,Not contacted,,Introduce the hat as an everyday sauna accessory for the community room; ask Harrison for feedback.
14,Top 20 — Contact first,High,Wild Haus Floating Saunas,Seattle,Washington,United States,https://thewildhaus.com/,https://instagram.com/wildhauspnw,Floating / waterfront sauna,Floating traditional sauna; lake plunge,1 Seattle departure operation with multiple vessels,Unknown; robes used during experience do not establish retail,Confirmed communal/private voyages and events; membership club advertised as coming,Emma Griffith,Co-founder (Seattle magazine interview),crew@thewildhaus.com,https://thewildhaus.com/pages/terms-and-conditions,https://thewildhaus.com/pages/contact,4,5,4,Close analogue,Friend-founded floating sauna has a distinctive hospitality experience that suits guest samples and a small branded accessory collaboration.,Offer a complimentary sauna hat,Offer Emma and the crew a sample for shared voyages and ask whether guests request take-home accessories.,Confirm membership launch and space for retail; do not count boats as locations.,Individually reviewed official pages; supplemental public reporting where noted,Official-site profile link found; audience size and recent engagement not measured,568,Wild Haus Floating Saunas,active,"https://thewildhaus.com/
https://thewildhaus.com/pages/contact
https://thewildhaus.com/pages/events
https://thewildhaus.com/pages/terms-and-conditions
https://seattlemag.com/lifestyle/outdoors/floating-with-friends/",2026-10-05,Not contacted,,Offer Emma and the crew a sample for shared voyages and ask whether guests request take-home accessories.
15,Top 20 — Contact first,High,Saint NYC,New York City,New York,United States,https://www.saint.nyc/,https://www.instagram.com/saint__nyc/,Private sauna studio,Traditional cedar sauna; private ice bath,1 Chelsea venue shown,Shop link and FRAMA / Protegér guest amenities confirmed; physical inventory could not be verified,Confirmed 8-session monthly and unlimited annual memberships,Alex Feldman,Founder (design publication reporting),info@saint.nyc,https://www.saint.nyc/,https://www.saint.nyc/,4,5,4,Close analogue,"Design by BOND, private cedar sauna suites and curated FRAMA / Protegér amenities provide a close aesthetic fit for a cotton guest accessory.",Offer a complimentary sauna hat,Offer Alex a sample for the private-suite experience and ask whether a take-home accessory belongs in their shop.,Shop page did not expose products; verify retail assortment. Amenities supplied in suites are not proof of retail sales.,Individually reviewed official pages; supplemental public reporting where noted,Official-site profile link found; audience size and recent engagement not measured,42,Saint NYC,active,"https://www.saint.nyc/
https://www.saint.nyc/shop
https://www.wallpaper.com/travel/spas/bathing-club-bathhouse-trend-new-york",2026-10-05,Not contacted,,Offer Alex a sample for the private-suite experience and ask whether a take-home accessory belongs in their shop.
16,Top 20 — Contact first,High,RÖK Spas,Denver,Colorado,United States,https://rokspas.com/,https://www.instagram.com/rokspas/,Sauna / contrast therapy community,Traditional Nordic dry sauna; steam; cold plunge,1 Denver flagship shown; expansion/franchise promoted,Unknown; no physical merchandise range verified,"Confirmed memberships, traditional heat circuit and private events",Jonathan Gandhi,Founder,hello@rokspas.com,https://rokspas.com/,https://rokspas.com/,4,5,4,Close analogue,Founder describes sauna as a weekly social ritual; premium Nordic circuit and memberships make a compact retail test credible.,Explore a small retail test,Offer Jonathan a sample and propose an introductory accessory assortment for regular sauna guests.,Expansion ambitions may add purchasing complexity; confirm flagship buying authority.,Individually reviewed official pages; supplemental public reporting where noted,Official-site profile link found; audience size and recent engagement not measured,687,RÖK Spas,active,"https://rokspas.com/
https://rokspas.com/membership-and-pricing/
https://rokspas.com/private-events/
https://rokspas.com/why-we-founded-rok-spas/",2026-10-05,Not contacted,,Offer Jonathan a sample and propose an introductory accessory assortment for regular sauna guests.
17,Top 20 — Contact first,High,Avanto Cold Plunge & Sauna,Park City,Utah,United States,https://avantoparkcity.com/,https://www.instagram.com/avantocoldplunge/,Sauna / contrast therapy community,Nordic cedar dry sauna; infrared; cold plunge,1 Park City venue shown,"Unknown; towels and refreshments included, not retail evidence","Confirmed unlimited membership, visitor passes and private bookings",Not publicly identified; ask for operating owner,Owner / studio manager (requested role),team@avantoparkcity.com,https://avantoparkcity.com/,https://avantoparkcity.com/#contact,4,5,3,Close analogue,"Traditional cedar sauna, mountain recovery audience and repeat local members fit a functional, design-conscious accessory.",Offer a complimentary sauna hat,"Offer the owner a sample for the Nordic sauna, then discuss a small local-member test.",Do not infer staff named in testimonials are owners.,Individually reviewed official pages; supplemental public reporting where noted,Official homepage links @avantocoldplunge; engagement not measured,923,Avanto Cold Plunge & Sauna,active,https://avantoparkcity.com/,2026-10-05,Not contacted,,"Offer the owner a sample for the Nordic sauna, then discuss a small local-member test."
18,Top 20 — Contact first,High,PORTAL Thermaculture,Minneapolis; Denver,Minnesota; Colorado,United States,https://www.portalthermaculture.com,https://www.instagram.com/portalthermaculture,Sauna / contrast therapy community,Scandinavian-style sauna; cold plunge,3 operating cities shown; Austin marked opening soon; 2 database locations,Confirmed apparel/shop and existing BERINGIA collaboration,Confirmed community events and recurring access offerings,Kath (surname not verified),Events contact; ask to route retail/partnership proposal,kath@portalthermaculture.com,https://www.portalthermaculture.com/events,https://www.portalthermaculture.com/events,4,5,3,Close analogue,Sauna-centric social programming and an existing apparel collaboration show comfort with brand partnerships and merchandise.,Explore custom or co-branded hats,Start with a sample and ask whether a limited cotton-hat collaboration fills a gap in their apparel offering.,Existing collaboration and franchise growth mean a central brand conversation is preferable to location-by-location outreach.,Individually reviewed official pages; supplemental public reporting where noted,Official-site profile link found; audience size and recent engagement not measured,665; 689,PORTAL Thermaculture; Portal Thermaculture,active,"https://www.portalthermaculture.com
https://www.portalthermaculture.com/events
https://www.portalthermaculture.com/mission",2026-10-05,Not contacted,,Start with a sample and ask whether a limited cotton-hat collaboration fills a gap in their apparel offering.
19,Top 20 — Contact first,High,Löyly Floating Sauna,Toronto,Ontario,Canada,https://www.loylyfloatingsauna.ca/toronto-1,https://www.instagram.com/loyly.kelowna/,Floating / waterfront sauna,Finnish floating sauna; cold plunge,Toronto and Kelowna pages found; total current count to confirm,Confirmed Toronto FAQ: towels and electrolytes sold,Confirmed community sessions and multi-visit punch passes,Jess and Nick Rastas,Founders (brand story); partnerships team is routing point,hello@loylyfloatingsauna.ca,https://www.loylyfloatingsauna.ca/privacy-policy,https://www.loylyfloatingsauna.ca/contact,4,5,4,Close analogue,Finnish-led floating sauna combines a practical essentials shop with repeat visits and an explicit brand-partnership contact route.,Explore a small retail test,Use the partnerships form to propose a Toronto dockside hat trial beside towels and electrolytes.,Brand pages emphasize Kelowna; verify Toronto operating contact and buying scope before shipment.,Individually reviewed official pages; supplemental public reporting where noted,Brand website links @loyly.kelowna; Toronto-specific Instagram unverified,818,Löyly Floating Sauna,active,"https://www.loylyfloatingsauna.ca/toronto-1
https://www.loylyfloatingsauna.ca/contact
https://www.loylyfloatingsauna.ca/about-us
https://www.loylyfloatingsauna.ca/privacy-policy",2026-10-05,Not contacted,,Use the partnerships form to propose a Toronto dockside hat trial beside towels and electrolytes.
20,Top 20 — Contact first,High,NAOSU SAUNA,Denver,Colorado,United States,https://naosusauna.com/,http://instagram.com/naosusauna,Sauna / contrast therapy community,Traditional sauna and cold plunge,1 Denver venue shown,Unknown; no merchandise range verified,Confirmed unlimited membership and private group bookings,Current operating owner not publicly identified,Owner / manager of ERY Holdings LLC (requested role),hello@naosusauna.com,https://www.naosusauna.com/,https://naosusauna.com/,3,5,3,Benchmark,Eight-guest neighborhood contrast space and Japanese sauna references are an unusually close match to the partner style requested.,Offer a complimentary sauna hat,Address the current operating team and offer one sample for feedback on the guest experience.,Current terms name ERY Holdings LLC; do not assume an older founder contact or supplier relationship still applies.,Individually reviewed official pages; supplemental public reporting where noted,Official-site profile link found; audience size and recent engagement not measured,701,NAOSU SAUNA,active,"https://www.naosusauna.com/
https://www.naosusauna.com/about
https://www.naosusauna.com/terms-and-conditions",2026-10-05,Not contacted,,Address the current operating team and offer one sample for feedback on the guest experience.
21,Next 30 — Strong prospects,Medium,Fyre Sauna,Redmond,Washington,United States,https://www.fyresauna.com/,https://www.instagram.com/fyresauna/,Sauna / contrast therapy community,Wood-fired Finnish-style sauna; löyly; cold plunge,1 Woodinville-area site shown,Shop currently says no products available; gift cards only verified,"Confirmed membership pass, guided community sessions and private rentals",Josh Frei,Founder/operator identified by business partner profile,info@fyresauna.com,https://www.fyresauna.com/,https://www.fyresauna.com/,3,5,4,Community analogue,"Wood-fired Finnish heat and on-site guides make practical hat feedback useful, with a small operator reachable via a public inbox.",Offer a complimentary sauna hat,Offer a guide sample and ask how a washable cotton option compares with hats guests already bring.,"No active physical inventory verified; start with sampling, not an assumed wholesale program.",Individually reviewed official pages; supplemental public reporting where noted,Official-site profile link found; audience size and recent engagement not measured,579,Fyre Sauna,active,"https://www.fyresauna.com/
https://www.fyresauna.com/shop
https://partners.symmetrysauna.com/josh-frei/",2026-10-05,Not contacted,,Offer a guide sample and ask how a washable cotton option compares with hats guests already bring.
22,Next 30 — Strong prospects,Medium,Alchemy Springs,San Francisco,California,United States,https://alchemysprings.com,https://www.instagram.com/AlchemySprings/,Design-led bathhouse / bathing club,Communal sauna garden and cold plunge,1 San Francisco site; larger experience advertised as opening in 2026,Unknown; no physical product range verified,"Sauna Garden open with limited hours, pass packs and private events; full bathhouse opening soon",Not publicly identified; ask for partnerships lead,Partnerships / guest experience lead (requested role),info@alchemysprings.com,https://www.alchemysprings.com/contact,https://www.alchemysprings.com/contact,4,4,3,Close analogue,A purpose-built sauna garden and design-led bathhouse expansion create guest-experience and opening-gift opportunities.,Offer a complimentary sauna hat,Offer samples for the operating Sauna Garden and ask about retail plans for the full bathhouse.,Do not describe the full expansion as already open.,Individually reviewed official pages; supplemental public reporting where noted,Official-site profile link found; audience size and recent engagement not measured,56,Alchemy Springs,active,"https://www.alchemysprings.com/
https://www.alchemysprings.com/contact
https://www.alchemysprings.com/about
https://www.alchemysprings.com/visit",2026-10-05,Not contacted,,Offer samples for the operating Sauna Garden and ask about retail plans for the full bathhouse.
23,Next 30 — Strong prospects,Medium,Fjord,Sausalito,California,United States,https://www.thisisfjord.com/,https://www.instagram.com/fjordfeel/,Floating / waterfront sauna,Traditional Finnish-style sauna; Bay plunge,1 Sausalito floating site with 2 saunas,"Confirmed on-site towels, bottles and simple bathing suits",Confirmed shared/private sessions and recurring Open Access community sessions,Not publicly identified; ask for founders,Founder / operations lead (requested role),hello@thisisfjord.com,https://www.thisisfjord.com/,https://www.thisisfjord.com/,4,4,3,Close analogue,"Traditional Finnish heat, Bay plunges and an existing essentials retail offer make a hat a natural addition to a small counter assortment.",Explore a small retail test,Ask about a small hat trial timed to normal operations resuming.,Site warns of intermittent construction disruptions September-November; confirm timing first.,Individually reviewed official pages; supplemental public reporting where noted,Official homepage names @fjordfeel; engagement not measured,545,Fjord,active,https://www.thisisfjord.com/,2026-10-05,Not contacted,,Ask about a small hat trial timed to normal operations resuming.
24,Next 30 — Strong prospects,Medium,Onsen SF,San Francisco,California,United States,https://onsensf.com,http://instagram.com/onsen.sf,Design-led bathhouse / bathing club,Redwood dry sauna; steam; cold plunge,1 San Francisco venue shown,Unknown; gift certificates do not establish physical retail,Repeat bath bookings and private events; recurring membership unverified,Not publicly identified; ask for owner or manager,Owner / bathhouse manager (requested role),info@onsensf.com,https://www.onsensf.com/contactus,https://www.onsensf.com/contactus,4,4,3,Close analogue,Japanese-inspired bathing and a redwood dry sauna provide an aesthetic fit for cotton hats and curated guest gifting.,Offer a complimentary sauna hat,Offer a sample for the bathhouse team and ask whether a small guest retail shelf is appropriate.,Published events page has conflicting .com/.co email text; use the verified general contact address.,Individually reviewed official pages; supplemental public reporting where noted,Official-site profile link found; audience size and recent engagement not measured,57,Onsen SF,active,"https://www.onsensf.com/
https://www.onsensf.com/group-events
https://www.onsensf.com/contactus",2026-10-05,Not contacted,,Offer a sample for the bathhouse team and ask whether a small guest retail shelf is appropriate.
25,Next 30 — Strong prospects,Medium,Vihta Sauna,Bellevue,Washington,United States,https://www.vihtasauna.co/,https://www.instagram.com/vihta.sauna,Sauna / contrast therapy community,Wood-fired Nordic sauna; lake/cold plunge,1 Bellevue site at Vasa Park,Unknown; no physical product range verified,Confirmed social sauna sessions and private group bookings,Not publicly identified; ask for owner,Owner / sauna host (requested role),info@vihtasauna.co,https://www.vihtasauna.co/,https://www.vihtasauna.co/,3,5,3,Community analogue,Handcrafted wood-fired Nordic sauna and explicit löyly practice support authentic product feedback from regular sauna users.,Ask for product feedback,Offer the host a sample to compare in wood-fired sessions and invite feedback from regulars.,Small capacity limits wholesale volume.,Individually reviewed official pages; supplemental public reporting where noted,Official-site profile link found; audience size and recent engagement not measured,587,Vihta Sauna,active,https://www.vihtasauna.co/,2026-10-05,Not contacted,,Offer the host a sample to compare in wood-fired sessions and invite feedback from regulars.
26,Next 30 — Strong prospects,Medium,Von Sauna,Kirkland,Washington,United States,https://www.vonsauna.com/,https://www.instagram.com/vonsauna/,Floating / waterfront sauna,Wood-fired floating sauna; lake plunge (reporting),1 Kirkland base with multiple floating saunas reported,Unknown; official site could not be retrieved,Confirmed social/private sessions and membership offering,David Jones,Founder (local reporting),info@vonsauna.com,https://www.vonsauna.com/contact-us,https://www.vonsauna.com/contact-us,3,4,4,Close analogue,"Custom wood-fired floating saunas and a community-oriented founder fit a small, personal partnership approach.",Offer a complimentary sauna hat,Offer David a sample for the social floating-sauna experience and ask about member interest.,Database uses old .co domain; current .com website verified. Hat retail and current supplier remain unknown.,Individually reviewed official pages; supplemental public reporting where noted,Current official .com website links @vonsauna; engagement not measured,572,Von Sauna,active,"https://www.explorekirkland.com/directory/von-sauna/
https://www.futuretides.org/floating-sauna-wild-haus-von-sauna-seattle-pacific-northwest/
https://www.vonsauna.com/
https://www.vonsauna.com/contact-us",2026-10-05,Not contacted,,Offer David a sample for the social floating-sauna experience and ask about member interest.
27,Next 30 — Strong prospects,Medium,Seattle Sauna,Seattle,Washington,United States,https://www.seattlesauna.com/,Not verified,Floating / waterfront sauna,Floating traditional sauna; water plunge,1 Seattle Lake Union operation shown,Unknown; no physical product range verified,Shared/private bookings; site says memberships are a future offering,Not publicly identified; ask for owner,Owner / operations lead (requested role),info@seattlesauna.com,https://www.seattlesauna.com/,https://www.seattlesauna.com/,3,4,3,Close analogue,Floating sauna and water-based recovery offer a focused hospitality setting for samples and guest accessories.,Offer a complimentary sauna hat,Offer a host sample and ask whether guests request sauna accessories after their visit.,Do not claim an active membership program.,Individually reviewed official pages; supplemental public reporting where noted,Profile / recent activity not verified,566,Seattle Sauna,active,https://www.seattlesauna.com/,2026-10-05,Not contacted,,Offer a host sample and ask whether guests request sauna accessories after their visit.
28,Next 30 — Strong prospects,Medium,Good Hot,Richmond,California,United States,https://good-hot.com/,Not verified,Floating / waterfront sauna,Electric dry sauna cabins; Bay plunge,1 Richmond waterfront site with multiple sauna cabins,Unknown; no physical merchandise range verified,Confirmed weekday communal sessions and private bookings; current membership unverified,Not publicly identified; ask for operating team,Owner / operating team (requested role),hello@good-hot.com,https://good-hot.com/,https://www.good-hot.com/info,3,4,3,Close analogue,Small bayside sauna operation and creative presentation fit a community-led product introduction.,Ask for product feedback,Offer a practical sample for the team and ask whether regular guests would value a cotton alternative.,"Current site is sparse; reconfirm general email, membership and operating schedule.",Individually reviewed official pages; supplemental public reporting where noted,Profile / recent activity not verified,546,Good Hot,active,"https://www.good-hot.com/
https://www.good-hot.com/about
https://www.good-hot.com/info
https://good-hot.com/",2026-10-05,Not contacted,,Offer a practical sample for the team and ask whether regular guests would value a cotton alternative.
29,Next 30 — Strong prospects,Medium,612 Sauna Cooperative,Minneapolis,Minnesota,United States,https://612saunasociety.com,http://instagram.com/612saunacooperative/,Cooperative sauna / community bathhouse,Traditional communal sauna,1 cooperative operation; mobile/seasonal site count varies,"Merch program confirmed but orders currently closed; print-on-demand, not on-site stock","Confirmed member-owner model, sauna reservations and events",Not publicly identified; ask for cooperative manager,Cooperative manager / board retail contact (requested role),Not found,Not found,https://612saunasociety.com/contact,3,5,3,Community analogue,"Member ownership and sauna culture are excellent for honest feedback and community advocacy, even if retail volume is limited.",Creator / community partnership,Offer host samples and a small member feedback event rather than a stock commitment.,Merch orders closed and cooperative approvals may slow purchasing.,Individually reviewed official pages; supplemental public reporting where noted,Official-site profile link found; audience size and recent engagement not measured,670,612 Sauna Cooperative,active,"https://612saunasociety.com
https://612saunasociety.com/contact
https://612saunasociety.com/about
https://612saunasociety.com/merch
https://612saunasociety.com/membership",2026-10-05,Not contacted,,Offer host samples and a small member feedback event rather than a stock commitment.
30,Next 30 — Strong prospects,Medium,The Finnish Sauna,Squamish,British Columbia,Canada,https://www.thefinnishsauna.ca/squamish,https://www.instagram.com/thefinnishsauna.ca/,Sauna / contrast therapy community,Finnish mobile / pop-up sauna,"3 location areas listed: Squamish, Vancouver, Parksville; seasonal status to confirm",Sauna equipment/rentals shown; guest accessory retail unknown,Punch passes/memberships linked; pop-up sessions and events,Not publicly identified; ask for operator,Owner / bookings and partnerships lead (requested role),hello@thefinnishsauna.ca,https://www.thefinnishsauna.ca/squamish,https://www.thefinnishsauna.ca/contact-7,3,4,3,Community analogue,"Finnish pop-ups, rentals and events offer a route to put hats in the hands of experienced sauna hosts and repeat users.",Offer a complimentary sauna hat,Offer a host sample and discuss a small event or rental guest add-on.,Seasonality and venue purchasing arrangements need confirmation.,Individually reviewed official pages; supplemental public reporting where noted,Official-site profile link found; audience size and recent engagement not measured,786,The Finnish Sauna,active,"https://www.thefinnishsauna.ca/squamish
https://www.thefinnishsauna.ca/contact-7
https://www.thefinnishsauna.ca/cheekyeevents",2026-10-05,Not contacted,,Offer a host sample and discuss a small event or rental guest add-on.
31,Next 30 — Strong prospects,Medium,Teddy's Hot House,Los Angeles,California,United States,https://teddyshothouse.com,https://www.instagram.com/teddyshothouse/,Sauna / contrast therapy community,Traditional Finnish sauna; cold plunge,1 Venice venue shown,Unknown; no physical merchandise range verified,Recurring shared sauna sessions and private events; membership unverified,Not publicly identified; ask for owner,Owner / events lead (requested role),venice@teddyshothouse.com,https://www.teddyshothouse.com/,https://teddyshothouse.com,3,4,3,Close analogue,"Traditional Finnish heat, cold plunges and a social neighborhood audience suit a low-friction sampling activation.",Creator / community partnership,Offer a handful of opt-in samples at an existing community session or private wellness event.,Confirm product sales capability before discussing wholesale.,Individually reviewed official pages; supplemental public reporting where noted,Official-site profile link found; audience size and recent engagement not measured,659,Teddy's Hot House,active,"https://www.teddyshothouse.com/
https://www.teddyshothouse.com/events",2026-10-05,Not contacted,,Offer a handful of opt-in samples at an existing community session or private wellness event.
32,Next 30 — Strong prospects,Medium,IcePass,Santa Monica; Los Angeles,California,United States,https://www.icepassla.com/,https://www.instagram.com/icepass_la,Sauna / contrast therapy community,High-heat sauna; cold plunge,2 database locations; current site locations to confirm,Unknown; no physical merchandise range verified,Confirmed membership-based sauna/cold-immersion access,Not publicly identified; ask for operating owner,Owner / community lead (requested role),community@icepass.la,https://icepassla.com/contact/,https://icepassla.com/contact/,3,4,3,Community analogue,"High-heat recovery with a community membership model is more aligned than a generic gym amenity, despite fitness-hosted venues.",Offer a complimentary sauna hat,Offer the community team samples for regular sauna users and ask about member purchase interest.,Buying and retail permissions at partner venues are unverified.,Individually reviewed official pages; supplemental public reporting where noted,Official-site profile link found; audience size and recent engagement not measured,884; 885,IcePass Cold Plunge & Sauna @ Blue Republic Crossfit; IcePass Cold Plunge & Sauna Club & Saba Cafe,active,"https://icepassla.com/
https://icepassla.com/contact/
https://icepassla.com/about/",2026-10-05,Not contacted,,Offer the community team samples for regular sauna users and ask about member purchase interest.
33,Next 30 — Strong prospects,Medium,Garden Sauna,Denver,Colorado,United States,https://www.gardensaunadenver.com/,http://instagram.com/gardensaunadenver,Sauna / contrast therapy community,Dry sauna; cold plunge,1 Denver venue shown,Unknown; no physical merchandise range verified,Bookable recurring dry-sauna/plunge sessions; membership unverified,Not publicly identified; ask for owner,Owner / operations lead (requested role),hello@gardensaunadenver.com,https://www.gardensaunadenver.com/,https://www.gardensaunadenver.com/contact-us,3,4,3,Close analogue,A focused neighborhood dry-sauna and plunge offering provides a simple setting for owner feedback and trial sales.,Offer a complimentary sauna hat,Offer an operator sample for the one-hour sauna/plunge sessions.,Small footprint and retail setup are unverified.,Individually reviewed official pages; supplemental public reporting where noted,Official-site profile link found; audience size and recent engagement not measured,690,Garden Sauna,active,"https://www.gardensaunadenver.com/
https://www.gardensaunadenver.com/contact-us",2026-10-05,Not contacted,,Offer an operator sample for the one-hour sauna/plunge sessions.
34,Next 30 — Strong prospects,Medium,Löyly Sauna Lounge,Houston,Texas,United States,https://www.loylysaunalounge.com/,https://www.instagram.com/loylysaunalounge/,Sauna / contrast therapy community,Full-spectrum infrared; hot/cold plunge,1 Houston venue shown,Unknown; no physical merchandise range verified,"Recurring contrast sessions, passes and hosted events; verify current membership terms",Cindy and Dion (surnames not verified),Founders,engage@loylysaunalounge.com,https://www.loylysaunalounge.com/,https://www.loylysaunalounge.com/contact,2,4,4,Partial analogue,"A founder-led communal contrast lounge has relationship potential, but its infrared offering reduces the immediate traditional-sauna hat fit.",Ask for product feedback,Offer the founders a sample and ask whether guests seek head comfort or sauna accessories.,Infrared-focused; retain below traditional high-heat operators despite strong community fit.,Individually reviewed official pages; supplemental public reporting where noted,Official-site profile link found; audience size and recent engagement not measured,702,Löyly Sauna Lounge,active,"https://www.loylysaunalounge.com/
https://www.loylysaunalounge.com/contact
https://www.loylysaunalounge.com/about
https://www.loylysaunalounge.com/events
https://www.loylysaunalounge.com/services/sauna",2026-10-05,Not contacted,,Offer the founders a sample and ask whether guests seek head comfort or sauna accessories.
35,Next 30 — Strong prospects,Medium,Knot Springs Social Club,Portland,Oregon,United States,https://www.knotsprings.com,https://www.instagram.com/knotsprings,Sauna / contrast therapy community,Dry sauna; steam; hot/cold hydrotherapy,1 Portland venue shown,Historic retail evidence found; current assortment and on-site availability unverified,Confirmed regular-access offering and movement classes,Not publicly identified; ask for retail manager,Retail / general manager (requested role),hello@knotsprings.com,https://www.knotsprings.com/contact,https://www.knotsprings.com/contact,4,4,3,Close analogue,Design-led hydrotherapy club and regular local guests could support a curated accessory test alongside its broader wellness offer.,Explore a small retail test,Ask the manager whether sauna hats fit their current retail selection; offer a staff sample.,Broader wellness offering and no named buyer reduce ease versus smaller sauna-only operators.,Individually reviewed official pages; supplemental public reporting where noted,Official-site profile link found; audience size and recent engagement not measured,677,Knot Springs Social Club,active,"https://www.knotsprings.com
https://www.knotsprings.com/contact
https://www.eastwestcollege.com/wp-content/uploads/job-manager-uploads/field_cfwjm25806/2021/07/KS_LMT-Job-Description.pdf",2026-10-05,Not contacted,,Ask the manager whether sauna hats fit their current retail selection; offer a staff sample.
36,Next 30 — Strong prospects,Medium,CASCADA Thermal Springs,Portland,Oregon,United States,https://cascada.me,https://www.instagram.com/cascadapdx,Thermal hotel / spa,Saunas; steam; thermal pools,1 Portland hotel/thermal venue shown,Unknown; art sales are not evidence of sauna accessory retail,"Confirmed membership offering, thermal circuits and events",Not publicly identified; ask for spa retail buyer,Spa director / retail buyer (requested role),Not found,Not found,https://cascada.me,4,4,2,Design/hospitality analogue,Thermal bathing is a core attraction rather than an incidental hotel amenity; design-conscious guests could suit premium gifting or retail.,Explore a small retail test,Ask the thermal-spa team about a guest-accessory pilot or sauna hat welcome gift.,Hotel procurement may be less direct; on-site product assortment unverified.,Individually reviewed official pages; supplemental public reporting where noted,Official-site profile link found; audience size and recent engagement not measured,680,CASCADA Thermal Springs,active,"https://cascada.me
https://cascada.me/pages/about
https://cascada.me/pages/membership
https://cascada.me/pages/private-events
https://cascada.me/pages/events",2026-10-05,Not contacted,,Ask the thermal-spa team about a guest-accessory pilot or sauna hat welcome gift.
37,Next 30 — Strong prospects,Medium,Common Ground Wellness Cooperative,Portland,Oregon,United States,https://www.cgwc.org,https://www.instagram.com/commongroundwellnesscoop/,Cooperative sauna / community bathhouse,Dry cedar sauna; hot soak,1 Portland venue shown,Unknown; towel rental does not establish retail,"Confirmed membership discounts, regular soak/sauna and affinity hours",Not publicly identified; ask for cooperative manager,Cooperative manager (requested role),frontdesk@cgwc.org,https://www.cgwc.org,https://www.cgwc.org,3,4,3,Community analogue,Established cooperative sauna users offer credible feedback and a repeat audience without large-chain procurement.,Ask for product feedback,Offer hosts a sample and propose a small member interest check.,Cooperative approval and limited merchandising are possible constraints.,Individually reviewed official pages; supplemental public reporting where noted,Official-site profile link found; audience size and recent engagement not measured,679,Common Ground Wellness Cooperative,active,https://www.cgwc.org,2026-10-05,Not contacted,,Offer hosts a sample and propose a small member interest check.
38,Next 30 — Strong prospects,Medium,The Everett House,Portland,Oregon,United States,https://www.everetthousecommunityhealingcenter.com,https://www.instagram.com/everetthousehealing/,Cooperative sauna / community bathhouse,Dry sauna; steam; soaking (database / site),1 Portland community-center operation shown,Unknown; no product inventory verified,Confirmed club memberships and community calendar,Not publicly identified; ask for spa manager,Spa manager / community center buyer (requested role),Not found,Not found,https://www.everetthousecommunityhealingcenter.com/contact,3,4,2,Community analogue,"A recurring local bathing community is useful for sampling, although massage and other services broaden its focus.",Creator / community partnership,Offer samples through an existing community sauna gathering.,No named buyer or public email verified; use the official contact page.,Individually reviewed official pages; supplemental public reporting where noted,Official-site profile link found; audience size and recent engagement not measured,678,The Everett House,active,"https://www.everetthousecommunityhealingcenter.com
https://www.everetthousecommunityhealingcenter.com/contact
https://www.everetthousecommunityhealingcenter.com/membershippricing
https://www.everetthousecommunityhealingcenter.com/new-events
https://www.everetthousecommunityhealingcenter.com/community-services-and-discounts",2026-10-05,Not contacted,,Offer samples through an existing community sauna gathering.
39,Next 30 — Strong prospects,Medium,Archimedes Banya,San Francisco,California,United States,https://banyasf.com,https://www.instagram.com/banyasf/,Traditional bathhouse,Russian banya; hammam; sauna; aufguss,1 San Francisco venue shown,Unknown in reviewed pages; do not assume hat retail from banya tradition,"Confirmed regular access, aufguss and venik services; membership unverified",Not publicly identified; ask for retail manager,Bathhouse manager / retail buyer (requested role),info@banyasf.com,https://banyasf.com,https://banyasf.com,4,4,3,Traditional-culture fit,"Authentic banya and guided heat rituals give users an immediate reason to evaluate sauna hats, even with a different visual identity.",Ask for product feedback,Offer staff a cotton-blend alternative for comparison with traditional wool hats.,Confirm existing hat suppliers and appetite for non-wool materials.,Individually reviewed official pages; supplemental public reporting where noted,Official-site profile link found; audience size and recent engagement not measured,54,Archimedes Banya,active,"https://banyasf.com
https://banyasf.com/about/our-story/
https://banyasf.com/about/gallery/
https://banyasf.com/about/banya-facilities/",2026-10-05,Not contacted,,Offer staff a cotton-blend alternative for comparison with traditional wool hats.
40,Next 30 — Strong prospects,Medium,Banya 5,Seattle,Washington,United States,http://www.banya5.com/,https://www.instagram.com/banya5urbanspa/,Traditional bathhouse,Russian-style sauna; hydrotherapy,1 Seattle venue shown,Unknown; no physical inventory verified,"Confirmed memberships (waitlist noted), workshops and hydrotherapy",Not publicly identified; ask for spa manager,Spa manager / retail buyer (requested role),Not found,Not found,http://www.banya5.com/,4,4,2,Traditional-culture fit,Established hydrotherapy and old-world sauna community could support repeat accessory sales.,Introduce koriboshi for wholesale,Use the official site contact route to ask who buys guest accessories and offer a comparison sample.,"Membership waitlist signals demand, not verified hat demand; direct email not found.",Individually reviewed official pages; supplemental public reporting where noted,Official-site profile link found; audience size and recent engagement not measured,569,Banya 5,active,"https://www.banya5.com/
https://www.banya5.com/classes-workshops
https://www.banya5.com/memberships",2026-10-05,Not contacted,,Use the official site contact route to ask who buys guest accessories and offer a comparison sample.
41,Next 30 — Strong prospects,Medium,Lake Steam Baths,Denver,Colorado,United States,https://www.lakesteam.com/,Not verified,Traditional bathhouse,Traditional sauna; steam; hot/cold bathing,1 Denver venue shown,Confirmed felted wool sauna hats and veniki sold,Confirmed day passes and 8-entry punch cards,Mauricio / Sky,Facility managers listed on official team page,Not found,Not found,https://www.lakesteam.com/contact-us,4,4,3,Traditional-culture fit,"Existing hat retail removes category education, making a washable cotton option a concrete assortment proposal.",Explore a small retail test,Ask the facility manager about adding a small cotton option beside current felt hats.,Existing supplier and traditional-material preference may limit interest; phone/contact page route.,Individually reviewed official pages; supplemental public reporting where noted,Profile / recent activity not verified,688,Lake Steam Baths,active,"https://www.lakesteam.com/
https://www.lakesteam.com/contact-us
https://www.lakesteam.com/our-team",2026-10-05,Not contacted,,Ask the facility manager about adding a small cotton option beside current felt hats.
42,Next 30 — Strong prospects,Medium,Bear and Birch,Freehold,New Jersey,United States,http://bearandbirch.com/,https://www.instagram.com/bearandbirch/,Traditional bathhouse,Russian banya; sauna; steam,1 Freehold venue shown,Shop navigation present; physical merchandise assortment unverified,Repeat banya visits; membership unverified,Not publicly identified; ask for owner,Owner / bathhouse manager (requested role),bearandbirch@yahoo.com,https://www.bearandbirch.com/,http://bearandbirch.com/,4,4,3,Traditional-culture fit,A sauna-focused Russian bathhouse and repeat social bathing setting make hats relevant to the actual experience.,Ask for product feedback,Offer a staff sample and ask whether a cotton alternative complements the shop.,Do not claim physical inventory merely because the site has a shop link.,Individually reviewed official pages; supplemental public reporting where noted,Official-site profile link found; audience size and recent engagement not measured,51,Bear and Birch,active,https://www.bearandbirch.com/,2026-10-05,Not contacted,,Offer a staff sample and ask whether a cotton alternative complements the shop.
43,Next 30 — Strong prospects,Medium,Bear Banya,Portland,Oregon,United States,https://www.bearbanya.com,https://www.instagram.com/bearbanya/,Traditional bathhouse,Russian banya (database); confirm heater specifics,1 Portland venue shown,Unknown; no physical merchandise range verified,Confirmed membership registration and repeat spa visits,Not publicly identified; ask for owner,Owner / spa manager (requested role),info@bearbanya.com,https://www.bearbanya.com,https://www.bearbanya.com/luxury-spa-contact-us,3,4,3,Traditional-culture fit,Banya positioning and membership route support a product-feedback conversation with an independent operator.,Offer a complimentary sauna hat,Ask the operator to try a hat during banya sessions before discussing a small order.,Sauna specifics and buyer identity need direct confirmation; site copy is generic.,Individually reviewed official pages; supplemental public reporting where noted,Official-site profile link found; audience size and recent engagement not measured,682,Bear Banya,active,"https://www.bearbanya.com
https://www.bearbanya.com/luxury-spa-contact-us
https://www.bearbanya.com/luxury-spa-about-us
https://www.bearbanya.com/luxury-spa-membership-registration",2026-10-05,Not contacted,,Ask the operator to try a hat during banya sessions before discussing a small order.
44,Next 30 — Strong prospects,Medium,Art of Sauna (Massage & Wellness Spa),Burnaby,British Columbia,Canada,https://artofsauna.ca/,Not verified,Traditional bathhouse,Multiple traditional dry/steam sauna styles,1 Burnaby venue shown,Confirmed sauna hats available for purchase,Recurring sauna access/classes offered; membership terms unverified,Not publicly identified; ask for retail manager,Retail manager / general manager (requested role),Not found,Not found,https://artofsauna.ca/contact-us/,4,4,2,Traditional-culture fit,Multiple traditional sauna experiences and explicit hat sales create a clear category buyer.,Explore a small retail test,Ask whether koriboshi could be a washable cotton addition to existing hat stock.,Current supplier and purchasing contact are unknown; use official contact form.,Individually reviewed official pages; supplemental public reporting where noted,Profile / recent activity not verified,782,Art of Sauna (Massage & Wellness Spa),active,"https://artofsauna.ca/
https://artofsauna.ca/contact-us/
https://artofsauna.ca/faq/",2026-10-05,Not contacted,,Ask whether koriboshi could be a washable cotton addition to existing hat stock.
45,Next 30 — Strong prospects,Medium,Bathhouse,New York City; New York City (Brooklyn),New York,United States,https://www.abathhouse.com/flatiron,https://www.instagram.com/bathhouse,Design-led bathhouse / bathing club,Traditional sauna; steam; cold/thermal pools; sauna rituals,4 sites listed including Philadelphia; operating status of newest site to confirm,Unknown in reviewed pages; do not infer retail from provided robes,"Confirmed memberships, packs and sauna rituals",Not publicly identified; ask for brand retail lead,Brand retail / partnerships lead (requested role),hello@abathhouse.com,https://www.abathhouse.com/flatiron,https://www.abathhouse.com/contact,4,4,3,Design/hospitality analogue,"Design-conscious bathing, sauna rituals and repeat guests create demand potential, but centralized buying makes a small operator easier first.",Explore a small retail test,Propose one brand-level pilot at a single location after a staff sample.,One prospect across locations; do not pitch each front desk separately.,Individually reviewed official pages; supplemental public reporting where noted,Official-site profile link found; audience size and recent engagement not measured,1; 3; 918,Bathhouse Flatiron; Bathhouse Williamsburg; Bathhouse Atlantic Ave,active,"https://www.abathhouse.com/flatiron
https://www.abathhouse.com/contact
https://www.abathhouse.com/memberships",2026-10-05,Not contacted,,Propose one brand-level pilot at a single location after a staff sample.
46,Next 30 — Strong prospects,Medium,Othership,New York City; Toronto; New York City (Brooklyn),New York; Ontario,United States; Canada,http://othership.us/,Not verified,Sauna / contrast therapy community,Communal traditional sauna; guided heat/breathwork; ice baths,4 locations shown: 2 NYC and 2 Toronto,"Confirmed online shop: classic sauna hats, wool collaboration hats, totes, apparel and bodycare; on-site assortment to confirm","Confirmed memberships, guided sauna, social sessions and events",Shannon (surname not published on contact link),Named brand/corporate partnership contact,shannon@othership.us,https://www.othership.us/contact,https://www.othership.us/contact,4,4,5,Design/community analogue,"Explicit brand-partnership channel makes this unusually reachable for a larger operator, with a culturally aligned repeat sauna audience.",Creator / community partnership,Contact Shannon about a limited sampling activation tied to an existing guided social session.,"Already sells classic and collaboration sauna hats; pitch a differentiated cotton sample, not an unmet category. Larger brand may prefer paid activations.",Individually reviewed official pages; supplemental public reporting where noted,Profile / recent activity not verified,5; 821; 822; 916,Othership Flatiron; Othership Yorkville; Othership Adelaide; Othership Williamsburg,active,"https://www.othership.us/
https://www.othership.us/contact
https://www.othership.us/memberships
https://www.othership.us/private-events
https://www.othership.us/events
https://shop.othership.us/
https://www.othership.us/locations",2026-10-05,Not contacted,,Contact Shannon about a limited sampling activation tied to an existing guided social session.
47,Next 30 — Strong prospects,Medium,Brooklyn Bathhouse,New York City (Brooklyn),New York,United States,https://www.brooklynbathhouse.nyc/,https://www.instagram.com/brooklynbathhousenyc/,Design-led bathhouse / bathing club,Sauna; steam; cold plunge,1 Brooklyn venue shown,Unknown; no physical merchandise range verified,Confirmed memberships and recurring nightlife/wellness events,Not publicly identified; ask for owner or events lead,Owner / events lead (requested role),hello@brooklynbathhouse.nyc,https://www.brooklynbathhouse.nyc/,https://www.brooklynbathhouse.nyc/,3,4,3,Community analogue,"Independent bathhouse combines memberships with social programming, giving several low-volume ways to introduce hats.",Creator / community partnership,Offer an event-focused member sample trial with optional follow-up retail.,Current site says cafe/bar closed while other cafe copy remains; verify event format.,Individually reviewed official pages; supplemental public reporting where noted,Official-site profile link found; audience size and recent engagement not measured,7,Brooklyn Bathhouse,active,"https://www.brooklynbathhouse.nyc/
https://www.brooklynbathhouse.nyc/eventcalendar",2026-10-05,Not contacted,,Offer an event-focused member sample trial with optional follow-up retail.
48,Next 30 — Strong prospects,Medium,Steamul Sauna Richmond Hill,Richmond Hill,Ontario,Canada,https://steamulsauna.com/,https://www.instagram.com/steamul_sauna_richmond_hill/,Traditional bathhouse,Russian wood banya / steam,1 Richmond Hill venue shown,Unknown; no physical merchandise range verified,Regular banya visits; membership terms unverified,Not publicly identified; ask for owner,Owner / bathhouse manager (requested role),infosteamul@gmail.com,https://steamulsauna.com/,https://steamulsauna.com/contact/,4,3,3,Traditional-culture fit,Russian banya centers the high-heat experience in which hats are already culturally familiar.,Ask for product feedback,Ask the operator to compare koriboshi with the hats regular customers currently use.,Cotton-blend acceptance and retail capability need confirmation.,Individually reviewed official pages; supplemental public reporting where noted,Official-site profile link found; audience size and recent engagement not measured,830,Steamul Sauna Richmond Hill,active,"https://steamulsauna.com/
https://steamulsauna.com/contact/
https://steamulsauna.com/about-our-venue/",2026-10-05,Not contacted,,Ask the operator to compare koriboshi with the hats regular customers currently use.
49,Next 30 — Strong prospects,Medium,South-Western Bathhouse,Mississauga,Ontario,Canada,http://banya.ca/,Not verified,Traditional bathhouse,Russian banya; Finnish dry sauna; Turkish hammam,1 Mississauga venue shown,"Unknown; robes/towels supplied, not proof of retail",Confirmed 10-visit passes and recurring public bathing schedule,Not publicly identified; ask for family owner,Family owner / bathhouse manager (requested role),Not found,Not found,https://banya.ca/contact,4,4,2,Traditional-culture fit,Family-operated Russian/Finnish bathing culture and repeat passes support a small accessory conversation with the operator.,Offer a complimentary sauna hat,Offer a sample for the Finnish sauna and ask about guest interest in a washable alternative.,No published email verified; contact page or business phone needed.,Individually reviewed official pages; supplemental public reporting where noted,Profile / recent activity not verified,829,South-Western Bathhouse,active,"https://banya.ca/
https://banya.ca/contact",2026-10-05,Not contacted,,Offer a sample for the Finnish sauna and ask about guest interest in a washable alternative.
50,Next 30 — Strong prospects,Medium,Wasatch Mountain Sauna,Midway,Utah,United States,http://www.wasatchmountainsauna.com/,Not verified,Sauna / contrast therapy community,Traditional Nordic sauna; cold plunge,1 Midway state-park site shown,Unknown; no physical merchandise range verified,Confirmed repeat communal bookings and punch passes,Not publicly identified; ask for operator,Owner / operator (requested role),hello@wasatchmountainsauna.com,https://www.wasatchmountainsauna.com/,https://www.wasatchmountainsauna.com/contact,3,4,3,Community analogue,Small Nordic sauna and cold plunge in a mountain setting could introduce hats to repeat outdoor-recovery users.,Offer a complimentary sauna hat,Offer the operator a sample and ask about a take-home accessory option for regular guests.,Small six-person capacity and park concession rules may limit retail.,Individually reviewed official pages; supplemental public reporting where noted,Profile / recent activity not verified,928,Wasatch Mountain Sauna,active,"https://www.wasatchmountainsauna.com/
https://www.wasatchmountainsauna.com/contact",2026-10-05,Not contacted,,Offer the operator a sample and ask about a take-home accessory option for regular guests.
51,Long tail,Low,Toronto Sauna Festival,Toronto,Ontario,Canada,https://www.torontosaunafestival.com/,https://www.instagram.com/torontosaunafest/,Sauna festival / event organizer,Multiple sauna experiences; guided rituals; cold plunge,"1 listed Toronto event, October 2–4, 2026",Wellness vendors advertised; hat sales or future vendor slots unverified,2026 event has ended; next edition unannounced in reviewed material,Not publicly identified in reviewed material,Ask for owner / manager / retail buyer,info@torontosaunafestival.com,https://www.torontosaunafestival.com/,https://www.torontosaunafestival.com/,2,4,3,Not established,Concentrated sauna enthusiasts and a vendor/ritual format could suit future sampling; this year’s listed event ended yesterday.,Creator / community partnership,Send a post-event introduction asking about the next confirmed edition and future vendor interest.,Not a year-round sauna or an upcoming 2026 event; do not promise an activation date.,Database triage + limited official-site contact scan; not fully qualified,Official-site profile link found; audience size and recent engagement not measured,851,Toronto Sauna Festival,active,https://www.torontosaunafestival.com/,2026-10-05,Not contacted,,Send a post-event introduction asking about the next confirmed edition and future vendor interest.
52,Long tail,Low,Banya Richmond Hill,Richmond Hill,Ontario,Canada,https://banyarichmondhill.ca/,https://www.instagram.com/banyarichmondhill,Traditional Bathhouse / Russian Banya,Traditional Bathhouse / Russian Banya (database classification; heater type unverified),1 database locations; total brand locations unknown,Unknown; not manually verified for this lower-priority account,Unknown; not manually verified for this lower-priority account,Not publicly identified in reviewed material,Ask for owner / manager / retail buyer,info@banyarichmondhill.ca,https://banyarichmondhill.ca/,https://banyarichmondhill.ca/,3,3,3,Not established,Banya Richmond Hill has a database-listed traditional sauna/banya offering where hats may be familiar; retail readiness and decision-maker access remain unqualified.,Ask for product feedback,Offer the operator a material-comparison sample and ask about existing guest accessory sales.,"Confirm current operation, hat supplier and local buying authority.",Database triage + limited official-site contact scan; not fully qualified,Official-site profile link found; audience size and recent engagement not measured,828,Banya Richmond Hill,active,https://banyarichmondhill.ca/,2026-10-05,Not contacted,,Offer the operator a material-comparison sample and ask about existing guest accessory sales.
53,Long tail,Low,Bay Spa,Santa Clara,California,United States,https://www.bayspaca.com/,https://www.instagram.com/bayspa.ca/,Korean Spa,Korean Spa (database classification; heater type unverified),1 database locations; total brand locations unknown,Unknown; not manually verified for this lower-priority account,Unknown; not manually verified for this lower-priority account,Not publicly identified in reviewed material,Ask for owner / manager / retail buyer,bayspasantaclara@gmail.com,https://www.bayspaca.com/contact,https://www.bayspaca.com/contact,3,3,3,Not established,"Bay Spa is a database-listed Korean spa, giving a cotton bathing accessory a cultural fit; a current retail buyer and repeat-user channel still need qualification.",Ask for product feedback,Ask the spa manager whether cotton sauna hats complement current bathing accessories before offering a small test.,Do not infer existing retail or independent ownership from category alone.,Database triage + limited official-site contact scan; not fully qualified,Official-site profile link found; audience size and recent engagement not measured,552,Bay Spa,active,"https://www.bayspaca.com/
https://www.bayspaca.com/contact
https://www.bayspaca.com/about-bayspa",2026-10-05,Not contacted,,Ask the spa manager whether cotton sauna hats complement current bathing accessories before offering a small test.
54,Long tail,Low,Beverly Hot Springs,Los Angeles,California,United States,https://beverlyhotsprings.com,Not verified,Korean Spa / Traditional Sauna,Korean Spa / Traditional Sauna (database classification; heater type unverified),1 database locations; total brand locations unknown,Unknown; not manually verified for this lower-priority account,Unknown; not manually verified for this lower-priority account,Not publicly identified in reviewed material,Ask for owner / manager / retail buyer,beverlyhotsprings@gmail.com,https://beverlyhotsprings.com,https://beverlyhotsprings.com/contact/,3,3,3,Not established,"Beverly Hot Springs is a database-listed Korean spa, giving a cotton bathing accessory a cultural fit; a current retail buyer and repeat-user channel still need qualification.",Ask for product feedback,Ask the spa manager whether cotton sauna hats complement current bathing accessories before offering a small test.,Do not infer existing retail or independent ownership from category alone.,Database triage + limited official-site contact scan; not fully qualified,Profile / recent activity not verified,651,Beverly Hot Springs,active,"https://beverlyhotsprings.com
https://beverlyhotsprings.com/contact/",2026-10-05,Not contacted,,Ask the spa manager whether cotton sauna hats complement current bathing accessories before offering a small test.
55,Long tail,Low,Brooklyn Banya,New York City (Brooklyn),New York,United States,http://www.brooklynbanya.com/,Not verified,Russian Banya,Russian Banya (database classification; heater type unverified),1 database locations; total brand locations unknown,Unknown; not manually verified for this lower-priority account,Unknown; not manually verified for this lower-priority account,Not publicly identified in reviewed material,Ask for owner / manager / retail buyer,info@brooklynbanya.com,https://www.brooklynbanya.com/,http://www.brooklynbanya.com/,3,3,3,Not established,Brooklyn Banya has a database-listed traditional sauna/banya offering where hats may be familiar; retail readiness and decision-maker access remain unqualified.,Ask for product feedback,Offer the operator a material-comparison sample and ask about existing guest accessory sales.,"Confirm current operation, hat supplier and local buying authority.",Database triage + limited official-site contact scan; not fully qualified,Profile / recent activity not verified,16,Brooklyn Banya,active,https://www.brooklynbanya.com/,2026-10-05,Not contacted,,Offer the operator a material-comparison sample and ask about existing guest accessory sales.
56,Long tail,Low,Immersion Spa,Palo Alto,California,United States,https://immersionspa.com/,https://www.instagram.com/immersionspa/,Korean Spa,Korean Spa (database classification; heater type unverified),1 database locations; total brand locations unknown,Unknown; not manually verified for this lower-priority account,Unknown; not manually verified for this lower-priority account,Not publicly identified in reviewed material,Ask for owner / manager / retail buyer,info@immersionspa.com,https://immersionspa.com/,https://immersionspa.com/,3,3,3,Not established,"Immersion Spa is a database-listed Korean spa, giving a cotton bathing accessory a cultural fit; a current retail buyer and repeat-user channel still need qualification.",Ask for product feedback,Ask the spa manager whether cotton sauna hats complement current bathing accessories before offering a small test.,Do not infer existing retail or independent ownership from category alone.,Database triage + limited official-site contact scan; not fully qualified,Official-site profile link found; audience size and recent engagement not measured,554,Immersion Spa,active,"https://immersionspa.com/
https://immersionspa.com/about-immersion-spa/
https://immersionspa.com/membership/",2026-10-05,Not contacted,,Ask the spa manager whether cotton sauna hats complement current bathing accessories before offering a small test.
57,Long tail,Low,Imperial Day Spa,San Francisco,California,United States,https://imperialdayspa.com/,https://www.instagram.com/idspaca/,Korean Spa,Korean Spa (database classification; heater type unverified),1 database locations; total brand locations unknown,Unknown; not manually verified for this lower-priority account,Unknown; not manually verified for this lower-priority account,Not publicly identified in reviewed material,Ask for owner / manager / retail buyer,text@imperialdayspa.com,https://imperialdayspa.com/contacts/,https://imperialdayspa.com/contacts/,3,3,3,Not established,"Imperial Day Spa is a database-listed Korean spa, giving a cotton bathing accessory a cultural fit; a current retail buyer and repeat-user channel still need qualification.",Ask for product feedback,Ask the spa manager whether cotton sauna hats complement current bathing accessories before offering a small test.,Do not infer existing retail or independent ownership from category alone.,Database triage + limited official-site contact scan; not fully qualified,Official-site profile link found; audience size and recent engagement not measured,543,Imperial Day Spa,active,"https://imperialdayspa.com/
https://imperialdayspa.com/contacts/
https://imperialdayspa.com/about/",2026-10-05,Not contacted,,Ask the spa manager whether cotton sauna hats complement current bathing accessories before offering a small test.
58,Long tail,Low,JUVENEX SPA,New York City,New York,United States,http://juvenexspanyc.com/,https://www.instagram.com/juvenexspanyc/,Korean Spa,Korean Spa (database classification; heater type unverified),1 database locations; total brand locations unknown,Unknown; not manually verified for this lower-priority account,Unknown; not manually verified for this lower-priority account,Not publicly identified in reviewed material,Ask for owner / manager / retail buyer,info@juvenexspanyc.com,https://juvenexspanyc.com/,http://juvenexspanyc.com/,3,3,3,Not established,"JUVENEX SPA is a database-listed Korean spa, giving a cotton bathing accessory a cultural fit; a current retail buyer and repeat-user channel still need qualification.",Ask for product feedback,Ask the spa manager whether cotton sauna hats complement current bathing accessories before offering a small test.,Do not infer existing retail or independent ownership from category alone.,Database triage + limited official-site contact scan; not fully qualified,Official-site profile link found; audience size and recent engagement not measured,10,JUVENEX SPA,active,"https://juvenexspanyc.com/
https://juvenexspanyc.com/about-us/",2026-10-05,Not contacted,,Ask the spa manager whether cotton sauna hats complement current bathing accessories before offering a small test.
59,Long tail,Low,Olympic Spa,Los Angeles,California,United States,https://olympicspala.com,https://www.instagram.com/olympicspa_official,Korean Spa,Korean Spa (database classification; heater type unverified),1 database locations; total brand locations unknown,Unknown; not manually verified for this lower-priority account,Unknown; not manually verified for this lower-priority account,Not publicly identified in reviewed material,Ask for owner / manager / retail buyer,inquiry@olympicspala.com,https://olympicspala.com,https://olympicspala.com/contact-us/,3,3,3,Not established,"Olympic Spa is a database-listed Korean spa, giving a cotton bathing accessory a cultural fit; a current retail buyer and repeat-user channel still need qualification.",Ask for product feedback,Ask the spa manager whether cotton sauna hats complement current bathing accessories before offering a small test.,Do not infer existing retail or independent ownership from category alone.,Database triage + limited official-site contact scan; not fully qualified,Official-site profile link found; audience size and recent engagement not measured,650,Olympic Spa,active,"https://olympicspala.com
https://olympicspala.com/contact-us/
https://olympicspala.com/about-us/",2026-10-05,Not contacted,,Ask the spa manager whether cotton sauna hats complement current bathing accessories before offering a small test.
60,Long tail,Low,PSY Spa USA,San Leandro,California,United States,https://www.psyspausa.com/,Not verified,Korean Spa,Korean Spa (database classification; heater type unverified),1 database locations; total brand locations unknown,Unknown; not manually verified for this lower-priority account,Unknown; not manually verified for this lower-priority account,Not publicly identified in reviewed material,Ask for owner / manager / retail buyer,psyspausa@gmail.com,https://www.psyspausa.com/contact,https://www.psyspausa.com/contact,3,3,3,Not established,"PSY Spa USA is a database-listed Korean spa, giving a cotton bathing accessory a cultural fit; a current retail buyer and repeat-user channel still need qualification.",Ask for product feedback,Ask the spa manager whether cotton sauna hats complement current bathing accessories before offering a small test.,Do not infer existing retail or independent ownership from category alone.,Database triage + limited official-site contact scan; not fully qualified,Profile / recent activity not verified,551,PSY Spa USA,active,"https://www.psyspausa.com/
https://www.psyspausa.com/contact
https://www.psyspausa.com/about-us-1
https://www.psyspausa.com/about-us",2026-10-05,Not contacted,,Ask the spa manager whether cotton sauna hats complement current bathing accessories before offering a small test.
61,Long tail,Low,Pearl Spa & Sauna,San Francisco,California,United States,https://pearlspasf.com,https://www.instagram.com/pearlspasf/,Korean Spa,Korean Spa (database classification; heater type unverified),1 database locations; total brand locations unknown,Unknown; not manually verified for this lower-priority account,Unknown; not manually verified for this lower-priority account,Not publicly identified in reviewed material,Ask for owner / manager / retail buyer,pearlspasf@gmail.com,https://www.pearlspasf.com/,https://pearlspasf.com,3,3,3,Not established,"Pearl Spa & Sauna is a database-listed Korean spa, giving a cotton bathing accessory a cultural fit; a current retail buyer and repeat-user channel still need qualification.",Ask for product feedback,Ask the spa manager whether cotton sauna hats complement current bathing accessories before offering a small test.,Do not infer existing retail or independent ownership from category alone.,Database triage + limited official-site contact scan; not fully qualified,Official-site profile link found; audience size and recent engagement not measured,58,Pearl Spa & Sauna,active,https://www.pearlspasf.com/,2026-10-05,Not contacted,,Ask the spa manager whether cotton sauna hats complement current bathing accessories before offering a small test.
62,Long tail,Low,Sky Spa Sauna,Buffalo Grove,Illinois,United States,https://skyspasauna.com/,https://www.instagram.com/skyspasauna/,Russian Banya,Russian Banya (database classification; heater type unverified),1 database locations; total brand locations unknown,Unknown; not manually verified for this lower-priority account,Unknown; not manually verified for this lower-priority account,Not publicly identified in reviewed material,Ask for owner / manager / retail buyer,info@skyspasauna.com,https://skyspasauna.com/,https://skyspasauna.com/contact/,3,3,3,Not established,Sky Spa Sauna has a database-listed traditional sauna/banya offering where hats may be familiar; retail readiness and decision-maker access remain unqualified.,Ask for product feedback,Offer the operator a material-comparison sample and ask about existing guest accessory sales.,"Confirm current operation, hat supplier and local buying authority.",Database triage + limited official-site contact scan; not fully qualified,Official-site profile link found; audience size and recent engagement not measured,635,Sky Spa Sauna,active,"https://skyspasauna.com/
https://skyspasauna.com/contact/
https://skyspasauna.com/about/",2026-10-05,Not contacted,,Offer the operator a material-comparison sample and ask about existing guest accessory sales.
63,Long tail,Low,Spa Palace,Los Angeles,California,United States,https://spapalacela.com,https://www.instagram.com/spapalace.la,Korean Spa,Korean Spa (database classification; heater type unverified),1 database locations; total brand locations unknown,Unknown; not manually verified for this lower-priority account,Unknown; not manually verified for this lower-priority account,Not publicly identified in reviewed material,Ask for owner / manager / retail buyer,info@spapalacela.com,https://spapalacela.com/laspa/,https://spapalacela.com/laspa/contact-us/,3,3,3,Not established,"Spa Palace is a database-listed Korean spa, giving a cotton bathing accessory a cultural fit; a current retail buyer and repeat-user channel still need qualification.",Ask for product feedback,Ask the spa manager whether cotton sauna hats complement current bathing accessories before offering a small test.,Do not infer existing retail or independent ownership from category alone.,Database triage + limited official-site contact scan; not fully qualified,Official-site profile link found; audience size and recent engagement not measured,649,Spa Palace,active,"https://spapalacela.com/laspa/
https://spapalacela.com/laspa/contact-us/
https://spapalacela.com/laspa/about-us/",2026-10-05,Not contacted,,Ask the spa manager whether cotton sauna hats complement current bathing accessories before offering a small test.
64,Long tail,Low,St. Croix Sauna,Stillwater,Minnesota,United States,https://www.stcroixsauna.com/,https://www.instagram.com/stcroixsauna/,Sauna builder / rental operator,Boutique Sauna (database classification; heater type unverified),1 database location; service area and units not counted as stores,Custom sauna builds and rentals confirmed; accessory retail unknown,Unknown; not manually verified for this lower-priority account,Not publicly identified in reviewed material,Ask for owner / manager / retail buyer,info@stcroixsauna.com,https://www.stcroixsauna.com/,https://www.stcroixsauna.com/contact,3,3,3,Not established,"St. Croix Sauna combines sauna expertise with equipment/rental or showroom activity, making accessory bundles possible but different from a bathhouse retail account.",Ask for product feedback,"Ask whether a cotton hat could accompany a sauna rental, build handover or showroom event.","Check competing hat stock, dealer economics and whether public sessions are recurring.",Database triage + limited official-site contact scan; not fully qualified,Official-site profile link found; audience size and recent engagement not measured,901,St. Croix Sauna,active,"https://www.stcroixsauna.com/
https://www.stcroixsauna.com/contact",2026-10-05,Not contacted,,"Ask whether a cotton hat could accompany a sauna rental, build handover or showroom event."
65,Long tail,Low,The Yard at Superior Sauna & Steam,Minneapolis,Minnesota,United States,https://superiorsaunas.com/pages/events,https://www.instagram.com/superiorsaunas/,Finnish Sauna / Nordic Spa,Finnish Sauna / Nordic Spa (database classification; heater type unverified),1 database locations; total brand locations unknown,Unknown; not manually verified for this lower-priority account,Unknown; not manually verified for this lower-priority account,Not publicly identified in reviewed material,Ask for owner / manager / retail buyer,info@superiorsaunas.com,https://superiorsaunas.com/pages/contact-us,https://superiorsaunas.com/pages/contact-us,3,3,3,Not established,"The Yard at Superior Sauna & Steam combines sauna expertise with equipment/rental or showroom activity, making accessory bundles possible but different from a bathhouse retail account.",Ask for product feedback,"Ask whether a cotton hat could accompany a sauna rental, build handover or showroom event.","Check competing hat stock, dealer economics and whether public sessions are recurring.",Database triage + limited official-site contact scan; not fully qualified,Official-site profile link found; audience size and recent engagement not measured,669,The Yard at Superior Sauna & Steam,active,"https://superiorsaunas.com/pages/events
https://superiorsaunas.com/pages/contact-us
https://superiorsaunas.com/collections/contactors
https://superiorsaunas.com/pages/about
https://superiorsaunas.com/products/the-yard-monthly-community-steam-pass",2026-10-05,Not contacted,,"Ask whether a cotton hat could accompany a sauna rental, build handover or showroom event."
66,Long tail,Low,Wall Street Bath & Spa,New York City,New York,United States,http://www.spa88.com/,https://www.instagram.com/wallstreetbath/,Russian Banya,Russian Banya (database classification; heater type unverified),1 database locations; total brand locations unknown,Unknown; not manually verified for this lower-priority account,Unknown; not manually verified for this lower-priority account,Not publicly identified in reviewed material,Ask for owner / manager / retail buyer,wallstreetbathandspa@gmail.com,https://spa88.com/about,https://spa88.com/contacts,3,3,3,Not established,Wall Street Bath & Spa has a database-listed traditional sauna/banya offering where hats may be familiar; retail readiness and decision-maker access remain unqualified.,Ask for product feedback,Offer the operator a material-comparison sample and ask about existing guest accessory sales.,"Confirm current operation, hat supplier and local buying authority.",Database triage + limited official-site contact scan; not fully qualified,Official-site profile link found; audience size and recent engagement not measured,18,Wall Street Bath & Spa,active,"http://www.spa88.com/
https://spa88.com/contacts
http://www.spa88.com/contacts
https://spa88.com/about
http://www.spa88.com/about",2026-10-05,Not contacted,,Offer the operator a material-comparison sample and ask about existing guest accessory sales.
67,Long tail,Low,Wi Spa,Los Angeles,California,United States,https://wispausa.com,https://www.instagram.com/wispa_usa/,Korean Spa,Korean Spa (database classification; heater type unverified),1 database locations; total brand locations unknown,Unknown; not manually verified for this lower-priority account,Unknown; not manually verified for this lower-priority account,Not publicly identified in reviewed material,Ask for owner / manager / retail buyer,info@wispausa.com,https://wispausa.com,https://wispausa.com/contact/,3,3,3,Not established,"Wi Spa is a database-listed Korean spa, giving a cotton bathing accessory a cultural fit; a current retail buyer and repeat-user channel still need qualification.",Ask for product feedback,Ask the spa manager whether cotton sauna hats complement current bathing accessories before offering a small test.,Do not infer existing retail or independent ownership from category alone.,Database triage + limited official-site contact scan; not fully qualified,Official-site profile link found; audience size and recent engagement not measured,648,Wi Spa,active,"https://wispausa.com
https://wispausa.com/contact/
https://wispausa.com/about-wi-spa/
https://wispausa.com/shop/",2026-10-05,Not contacted,,Ask the spa manager whether cotton sauna hats complement current bathing accessories before offering a small test.
68,Long tail,Low,Albany Sauna & Hot Tubs,Albany,California,United States,https://www.albanysauna.com/,Not verified,Finnish Sauna,Finnish Sauna (database classification; heater type unverified),1 database locations; total brand locations unknown,Unknown; not manually verified for this lower-priority account,Unknown; not manually verified for this lower-priority account,Not publicly identified in reviewed material,Ask for owner / manager / retail buyer,Not found,Not found,https://www.albanysauna.com/,3,3,2,Not established,Albany Sauna & Hot Tubs has a database-listed traditional sauna/banya offering where hats may be familiar; retail readiness and decision-maker access remain unqualified.,Ask for product feedback,Offer the operator a material-comparison sample and ask about existing guest accessory sales.,"Confirm current operation, hat supplier and local buying authority.",Database triage + limited official-site contact scan; not fully qualified,Profile / recent activity not verified,547,Albany Sauna & Hot Tubs,active,https://www.albanysauna.com/,2026-10-05,Not contacted,,Offer the operator a material-comparison sample and ask about existing guest accessory sales.
69,Long tail,Low,Aroma Spa & Sports,Los Angeles,California,United States,https://aromaresort.com,https://www.instagram.com/aromaspasports/,Korean Spa,Korean Spa (database classification; heater type unverified),1 database locations; total brand locations unknown,Unknown; not manually verified for this lower-priority account,Unknown; not manually verified for this lower-priority account,Not publicly identified in reviewed material,Ask for owner / manager / retail buyer,Not found,Not found,https://aromaresort.com,3,3,2,Not established,"Aroma Spa & Sports is a database-listed Korean spa, giving a cotton bathing accessory a cultural fit; a current retail buyer and repeat-user channel still need qualification.",Ask for product feedback,Ask the spa manager whether cotton sauna hats complement current bathing accessories before offering a small test.,Do not infer existing retail or independent ownership from category alone.,Database triage + limited official-site contact scan; not fully qualified,Official-site profile link found; audience size and recent engagement not measured,653,Aroma Spa & Sports,active,"https://www.aromaresort.com/
https://www.aromaresort.com/about/
https://www.aromaresort.com/one-year-membership-sale-kor-2/
https://www.aromaresort.com/one-year-membership-sale-eng/
https://www.aromaresort.com/one-year-membership-sale-2026-final/",2026-10-05,Not contacted,,Ask the spa manager whether cotton sauna hats complement current bathing accessories before offering a small test.
70,Long tail,Low,Daengki Spa,Los Angeles,California,United States,https://daengkispa.com,Not verified,Korean Spa,Korean Spa (database classification; heater type unverified),1 database locations; total brand locations unknown,Unknown; not manually verified for this lower-priority account,Unknown; not manually verified for this lower-priority account,Not publicly identified in reviewed material,Ask for owner / manager / retail buyer,Not found,Not found,https://www.daengkispa.com/pages/contact/,3,3,2,Not established,"Daengki Spa is a database-listed Korean spa, giving a cotton bathing accessory a cultural fit; a current retail buyer and repeat-user channel still need qualification.",Ask for product feedback,Ask the spa manager whether cotton sauna hats complement current bathing accessories before offering a small test.,Do not infer existing retail or independent ownership from category alone.,Database triage + limited official-site contact scan; not fully qualified,Profile / recent activity not verified,655,Daengki Spa,active,"https://www.daengkispa.com/
https://www.daengkispa.com/pages/contact/",2026-10-05,Not contacted,,Ask the spa manager whether cotton sauna hats complement current bathing accessories before offering a small test.
71,Long tail,Low,Havana Health Sauna,Aurora,Colorado,United States,https://www.havanahealthsauna.com/,Not verified,Korean Spa,Korean Spa (database classification; heater type unverified),1 database locations; total brand locations unknown,Unknown; not manually verified for this lower-priority account,Unknown; not manually verified for this lower-priority account,Not publicly identified in reviewed material,Ask for owner / manager / retail buyer,Not found,Not found,https://www.havanahealthsauna.com/,3,3,2,Not established,"Havana Health Sauna is a database-listed Korean spa, giving a cotton bathing accessory a cultural fit; a current retail buyer and repeat-user channel still need qualification.",Ask for product feedback,Ask the spa manager whether cotton sauna hats complement current bathing accessories before offering a small test.,Do not infer existing retail or independent ownership from category alone.,Database triage + limited official-site contact scan; not fully qualified,Profile / recent activity not verified,694,Havana Health Sauna,active,https://www.havanahealthsauna.com/,2026-10-05,Not contacted,,Ask the spa manager whether cotton sauna hats complement current bathing accessories before offering a small test.
72,Long tail,Low,Island Spa & Sauna,Edison,New Jersey,United States,http://www.islandspasauna.com/,https://www.instagram.com/islandspasauna/,Korean Spa,Korean Spa (database classification; heater type unverified),1 database locations; total brand locations unknown,Unknown; not manually verified for this lower-priority account,Unknown; not manually verified for this lower-priority account,Not publicly identified in reviewed material,Ask for owner / manager / retail buyer,Not found,Not found,http://www.islandspasauna.com/,3,3,2,Not established,"Island Spa & Sauna is a database-listed Korean spa, giving a cotton bathing accessory a cultural fit; a current retail buyer and repeat-user channel still need qualification.",Ask for product feedback,Ask the spa manager whether cotton sauna hats complement current bathing accessories before offering a small test.,Do not infer existing retail or independent ownership from category alone.,Database triage + limited official-site contact scan; not fully qualified,Official-site profile link found; audience size and recent engagement not measured,52,Island Spa & Sauna,active,"https://www.islandspasauna.com/
https://www.islandspasauna.com/shop
https://www.islandspasauna.com/admissions-shop",2026-10-05,Not contacted,,Ask the spa manager whether cotton sauna hats complement current bathing accessories before offering a small test.
73,Long tail,Low,King Spa & Sauna,Niles,Illinois,United States,https://www.kingspa.com/chicago/,Not verified,Korean Spa,Korean Spa (database classification; heater type unverified),1 database locations; total brand locations unknown,Unknown; not manually verified for this lower-priority account,Unknown; not manually verified for this lower-priority account,Not publicly identified in reviewed material,Ask for owner / manager / retail buyer,Not found,Not found,https://www.kingspa.com/chicago/,3,3,2,Not established,"King Spa & Sauna is a database-listed Korean spa, giving a cotton bathing accessory a cultural fit; a current retail buyer and repeat-user channel still need qualification.",Ask for product feedback,Ask the spa manager whether cotton sauna hats complement current bathing accessories before offering a small test.,Do not infer existing retail or independent ownership from category alone. Website retrieval failed or returned no readable evidence; this is not proof of closure.,Database triage + limited official-site contact scan; not fully qualified,Profile / recent activity not verified,633,King Spa & Sauna,active,,2026-10-05,Not contacted,,Ask the spa manager whether cotton sauna hats complement current bathing accessories before offering a small test.
74,Long tail,Low,Mermaid Spa,New York City (Brooklyn),New York,United States,http://www.mermaidspa.us/,Not verified,Russian Banya,Russian Banya (database classification; heater type unverified),1 database locations; total brand locations unknown,Unknown; not manually verified for this lower-priority account,Unknown; not manually verified for this lower-priority account,Not publicly identified in reviewed material,Ask for owner / manager / retail buyer,Not found,Not found,http://www.mermaidspa.us/,3,3,2,Not established,Mermaid Spa has a database-listed traditional sauna/banya offering where hats may be familiar; retail readiness and decision-maker access remain unqualified.,Ask for product feedback,Offer the operator a material-comparison sample and ask about existing guest accessory sales.,"Confirm current operation, hat supplier and local buying authority.",Database triage + limited official-site contact scan; not fully qualified,Profile / recent activity not verified,46,Mermaid Spa,active,https://mermaidspa.us/?v=7516fd43adaa,2026-10-05,Not contacted,,Offer the operator a material-comparison sample and ask about existing guest accessory sales.
75,Long tail,Low,New York Spa & Sauna,Flushing,New York,United States,http://www.nyspasauna.com/,Not verified,Korean Spa,Korean Spa (database classification; heater type unverified),1 database locations; total brand locations unknown,Unknown; not manually verified for this lower-priority account,Unknown; not manually verified for this lower-priority account,Not publicly identified in reviewed material,Ask for owner / manager / retail buyer,Not found,Not found,http://www.nyspasauna.com/contact,3,3,2,Not established,"New York Spa & Sauna is a database-listed Korean spa, giving a cotton bathing accessory a cultural fit; a current retail buyer and repeat-user channel still need qualification.",Ask for product feedback,Ask the spa manager whether cotton sauna hats complement current bathing accessories before offering a small test.,Do not infer existing retail or independent ownership from category alone.,Database triage + limited official-site contact scan; not fully qualified,Profile / recent activity not verified,48,New York Spa & Sauna,active,"http://www.nyspasauna.com/
http://www.nyspasauna.com/contact
http://www.nyspasauna.com/about",2026-10-05,Not contacted,,Ask the spa manager whether cotton sauna hats complement current bathing accessories before offering a small test.
76,Long tail,Low,Queen Spa & Sauna,Los Angeles,California,United States,https://queenspala.com,Not verified,Korean Spa,Korean Spa (database classification; heater type unverified),1 database locations; total brand locations unknown,Unknown; not manually verified for this lower-priority account,Unknown; not manually verified for this lower-priority account,Not publicly identified in reviewed material,Ask for owner / manager / retail buyer,Not found,Not found,https://www.queenspala.com/contact-us/,3,3,2,Not established,"Queen Spa & Sauna is a database-listed Korean spa, giving a cotton bathing accessory a cultural fit; a current retail buyer and repeat-user channel still need qualification.",Ask for product feedback,Ask the spa manager whether cotton sauna hats complement current bathing accessories before offering a small test.,Do not infer existing retail or independent ownership from category alone.,Database triage + limited official-site contact scan; not fully qualified,Profile / recent activity not verified,656,Queen Spa & Sauna,active,"https://www.queenspala.com/
https://www.queenspala.com/contact-us/",2026-10-05,Not contacted,,Ask the spa manager whether cotton sauna hats complement current bathing accessories before offering a small test.
77,Long tail,Low,Relaxing Healthy Center,Bloomington,Minnesota,United States,https://www.relaxinghealthy.center,Not verified,Korean Spa / Day Spa,Korean Spa / Day Spa (database classification; heater type unverified),1 database locations; total brand locations unknown,Unknown; not manually verified for this lower-priority account,Unknown; not manually verified for this lower-priority account,Not publicly identified in reviewed material,Ask for owner / manager / retail buyer,Not found,Not found,https://www.relaxinghealthy.center,3,3,2,Not established,"Relaxing Healthy Center is a database-listed Korean spa, giving a cotton bathing accessory a cultural fit; a current retail buyer and repeat-user channel still need qualification.",Ask for product feedback,Ask the spa manager whether cotton sauna hats complement current bathing accessories before offering a small test.,Do not infer existing retail or independent ownership from category alone.,Database triage + limited official-site contact scan; not fully qualified,Profile / recent activity not verified,671,Relaxing Healthy Center,active,https://www.relaxinghealthy.center,2026-10-05,Not contacted,,Ask the spa manager whether cotton sauna hats complement current bathing accessories before offering a small test.
78,Long tail,Low,Riviera Health Spa,Torrance,California,United States,https://rivierakoreanspa.com,https://www.instagram.com/rivierahealthspa/,Korean Spa,Korean Spa (database classification; heater type unverified),1 database locations; total brand locations unknown,Unknown; not manually verified for this lower-priority account,Unknown; not manually verified for this lower-priority account,Not publicly identified in reviewed material,Ask for owner / manager / retail buyer,Not found,Not found,https://rivierakoreanspa.com,3,3,2,Not established,"Riviera Health Spa is a database-listed Korean spa, giving a cotton bathing accessory a cultural fit; a current retail buyer and repeat-user channel still need qualification.",Ask for product feedback,Ask the spa manager whether cotton sauna hats complement current bathing accessories before offering a small test.,Do not infer existing retail or independent ownership from category alone.,Database triage + limited official-site contact scan; not fully qualified,Official-site profile link found; audience size and recent engagement not measured,660,Riviera Health Spa,active,https://www.rivierakoreanspa.com/,2026-10-05,Not contacted,,Ask the spa manager whether cotton sauna hats complement current bathing accessories before offering a small test.
79,Long tail,Low,SoJo Spa Club,Edgewater,New Jersey,United States,http://www.sojospaclub.com/,https://www.instagram.com/sojospaclub/,Korean Spa,Korean Spa (database classification; heater type unverified),1 database locations; total brand locations unknown,Unknown; not manually verified for this lower-priority account,Unknown; not manually verified for this lower-priority account,Not publicly identified in reviewed material,Ask for owner / manager / retail buyer,Not found,Not found,https://sojospaclub.com/contact/,3,3,2,Not established,"SoJo Spa Club is a database-listed Korean spa, giving a cotton bathing accessory a cultural fit; a current retail buyer and repeat-user channel still need qualification.",Ask for product feedback,Ask the spa manager whether cotton sauna hats complement current bathing accessories before offering a small test.,Do not infer existing retail or independent ownership from category alone.,Database triage + limited official-site contact scan; not fully qualified,Official-site profile link found; audience size and recent engagement not measured,12,SoJo Spa Club,active,"https://sojospaclub.com/
https://sojospaclub.com/contact/
https://sojospaclub.com/about/press/
https://sojospaclub.com/about/faq/
https://sojospaclub.com/about/",2026-10-05,Not contacted,,Ask the spa manager whether cotton sauna hats complement current bathing accessories before offering a small test.
80,Long tail,Low,Spa Castle,College Point,New York,United States,https://ny.spacastleusa.com/,https://www.instagram.com/spacastlenewyork/,Korean Spa,Korean Spa (database classification; heater type unverified),1 database locations; total brand locations unknown,Unknown; not manually verified for this lower-priority account,Unknown; not manually verified for this lower-priority account,Not publicly identified in reviewed material,Ask for owner / manager / retail buyer,Not found,Not found,https://ny.spacastleusa.com/contact/,3,3,2,Not established,"Spa Castle is a database-listed Korean spa, giving a cotton bathing accessory a cultural fit; a current retail buyer and repeat-user channel still need qualification.",Ask for product feedback,Ask the spa manager whether cotton sauna hats complement current bathing accessories before offering a small test.,Do not infer existing retail or independent ownership from category alone.,Database triage + limited official-site contact scan; not fully qualified,Official-site profile link found; audience size and recent engagement not measured,4,Spa Castle,active,"https://ny.spacastleusa.com/
https://ny.spacastleusa.com/contact/
https://ny.spacastleusa.com/about/
https://ny.spacastleusa.com/membership/",2026-10-05,Not contacted,,Ask the spa manager whether cotton sauna hats complement current bathing accessories before offering a small test.
81,Long tail,Low,The SPA Club,New York City,New York,United States,https://thespaclub.com/,http://instagram.com/the.spa.club,Korean Spa,Korean Spa (database classification; heater type unverified),1 database locations; total brand locations unknown,Unknown; not manually verified for this lower-priority account,Unknown; not manually verified for this lower-priority account,Not publicly identified in reviewed material,Ask for owner / manager / retail buyer,Not found,Not found,https://thespaclub.com/,3,3,2,Not established,"The SPA Club is a database-listed Korean spa, giving a cotton bathing accessory a cultural fit; a current retail buyer and repeat-user channel still need qualification.",Ask for product feedback,Ask the spa manager whether cotton sauna hats complement current bathing accessories before offering a small test.,Do not infer existing retail or independent ownership from category alone.,Database triage + limited official-site contact scan; not fully qualified,Official-site profile link found; audience size and recent engagement not measured,6,The SPA Club,active,https://thespaclub.com/,2026-10-05,Not contacted,,Ask the spa manager whether cotton sauna hats complement current bathing accessories before offering a small test.
82,Long tail,Low,Hatu Plunge Spa,Heber City,Utah,United States,http://hatuspa.com/,Not verified,Family-run contrast / recovery spa,Community sauna; private infrared; cold plunge,1 database locations; total brand locations unknown,Unknown; not manually verified for this lower-priority account,Memberships and communal/private sessions confirmed,Not publicly identified in reviewed material,Ask for owner / manager / retail buyer,hatu@hatuspa.com,https://www.hatuspa.com/,https://www.hatuspa.com/contact,2,3,3,Not established,"Family-run recovery and repeat memberships offer later sampling potential; sauna type, community scale and merchandise buying need a deeper review.",Ask for product feedback,Use the public contact route to ask whether a sauna accessory trial would be relevant.,Limited qualification; inspect current sauna prominence and product-selling capability first.,Database triage + limited official-site contact scan; not fully qualified,Profile / recent activity not verified,932,Hatu Plunge Spa,active,"https://www.hatuspa.com/
https://www.hatuspa.com/contact
https://www.hatuspa.com/about",2026-10-05,Not contacted,,Use the public contact route to ask whether a sauna accessory trial would be relevant.
83,Long tail,Low,Koti Sauna,Milwaukie,Oregon,United States,https://www.kotisauna.com,https://www.instagram.com/kotisaunapdx/,Finnish Sauna / Nordic Spa,Outdoor Finnish sauna; cold plunge,1 publicly bookable residential backyard sauna in Milwaukie,Unknown; not manually verified for this lower-priority account,Public sauna bookings and community events; membership unverified,Kristina and Nick (surnames not verified),Founders / owners,hello@kotisauna.com,https://www.kotisauna.com,https://www.kotisauna.com,2,3,3,Close small-operator analogue; lower priority for residential setting,"Finnish-rooted founders and garden sauna events fit a personal relationship, but a residential-scale operation is a weaker wholesale prospect.",Ask for product feedback,Offer one operator sample for feedback if there is a personal connection; avoid a stock commitment.,"Public-facing business, not an apartment amenity; still deprioritized for residential setting and small capacity.",Database triage + limited official-site contact scan; not fully qualified,Official-site profile link found; audience size and recent engagement not measured,684,Koti Sauna,active,"https://www.kotisauna.com
https://www.kotisauna.com/our-story
https://www.kotisauna.com/events",2026-10-05,Not contacted,,Offer one operator sample for feedback if there is a personal connection; avoid a stock commitment.
84,Long tail,Low,Haven Forest Sauna,Portland,Oregon,United States,http://forestsaunapdx.com,https://www.instagram.com/forestsaunapdx,Russian Banya / Boutique Sauna,Russian Banya / Boutique Sauna (database classification; heater type unverified),1 database locations; total brand locations unknown,Unknown; not manually verified for this lower-priority account,Unknown; not manually verified for this lower-priority account,Not publicly identified in reviewed material,Ask for owner / manager / retail buyer,Not found,Not found,http://forestsaunapdx.com,2,3,2,Small independent analogue; residential-setting exception,"Haven Forest Sauna offers publicly bookable small-scale sauna, but its home/backyard setting limits the retail scale requested.",Ask for product feedback,Offer one operator sample for feedback if there is a personal connection; avoid a stock commitment.,"Public-facing business, not an apartment amenity; still deprioritized for residential setting and small capacity.",Database triage + limited official-site contact scan; not fully qualified,Official-site profile link found; audience size and recent engagement not measured,681,Haven Forest Sauna,active,http://forestsaunapdx.com,2026-10-05,Not contacted,,Offer one operator sample for feedback if there is a personal connection; avoid a stock commitment.
85,Long tail,Low,Uptown Sauna House,Vancouver,Washington,United States,https://www.uptownsaunahouse.com/,https://instagram.com/uptownsaunahouse,Boutique Sauna,Boutique Sauna (database classification; heater type unverified),"1 home-based public sauna in Vancouver, Washington",Unknown; not manually verified for this lower-priority account,Public/private appointment sessions; four-person capacity,Rebekah and Paul Crawford,Owners / operators,Not found,Not found,https://www.uptownsaunahouse.com/,2,3,2,Small independent analogue; residential-setting limitation,"Uptown Sauna House offers publicly bookable small-scale sauna, but its home/backyard setting limits the retail scale requested.",Ask for product feedback,Offer one operator sample for feedback if there is a personal connection; avoid a stock commitment.,"Public-facing business, not an apartment amenity; still deprioritized for residential setting and small capacity.",Database triage + limited official-site contact scan; not fully qualified,Official-site profile link found; audience size and recent engagement not measured,808,Uptown Sauna House,active,https://www.uptownsaunahouse.com/,2026-10-05,Not contacted,,Offer one operator sample for feedback if there is a personal connection; avoid a stock commitment.
86,Long tail,Low,Aurora Spa,Minneapolis,Minnesota,United States,https://www.auroraspaonline.com,http://instagram.com/auroraspampls,Infrared Sauna / Day Spa,Infrared Sauna / Day Spa (database classification; heater type unverified),1 database locations; total brand locations unknown,Unknown; not manually verified for this lower-priority account,Unknown; not manually verified for this lower-priority account,Not publicly identified in reviewed material,Ask for owner / manager / retail buyer,info@auroraspaonline.com,https://www.auroraspaonline.com/contact,https://www.auroraspaonline.com/contact,2,2,3,Not established,"Aurora Spa reaches recovery customers, but its database-listed infrared focus is less aligned with the traditional high-heat sauna relationship brief.",Ask for product feedback,Ask the owner whether sauna accessories are requested; offer a sample only if there is clear interest.,"Community, physical retail and non-infrared sauna offering require qualification.",Database triage + limited official-site contact scan; not fully qualified,Official-site profile link found; audience size and recent engagement not measured,672,Aurora Spa,active,"https://www.auroraspaonline.com
https://www.auroraspaonline.com/contact",2026-10-05,Not contacted,,Ask the owner whether sauna accessories are requested; offer a sample only if there is clear interest.
87,Long tail,Low,Blissful Waters Float & Wellness Center,The Woodlands,Texas,United States,https://blissfulwatersfloat.com/,https://www.instagram.com/blissfulwatersfloattx/,Float Spa,Float Spa (database classification; heater type unverified),1 database locations; total brand locations unknown,Unknown; not manually verified for this lower-priority account,Unknown; not manually verified for this lower-priority account,Not publicly identified in reviewed material,Ask for owner / manager / retail buyer,info@blissfulwatersfloat.com,https://blissfulwatersfloat.com/,https://blissfulwatersfloat.com/contact/,2,2,3,Not established,"Blissful Waters Float & Wellness Center has a sauna/wellness listing, but available evidence does not yet establish the combination of sauna focus, repeat community and accessible retail buying needed for earlier outreach.",Ask for product feedback,Use the public contact route to ask whether a sauna accessory trial would be relevant.,Limited qualification; inspect current sauna prominence and product-selling capability first.,Database triage + limited official-site contact scan; not fully qualified,Official-site profile link found; audience size and recent engagement not measured,756,Blissful Waters Float & Wellness Center,active,"https://blissfulwatersfloat.com/
https://blissfulwatersfloat.com/contact/
https://blissfulwatersfloat.com/about/",2026-10-05,Not contacted,,Use the public contact route to ask whether a sauna accessory trial would be relevant.
88,Long tail,Low,Burbank Infrared Sauna,Burbank,California,United States,http://burbankinfraredsauna.com/,https://www.instagram.com/burbankinfraredsauna/,Infrared Sauna,Infrared Sauna (database classification; heater type unverified),1 database locations; total brand locations unknown,Unknown; not manually verified for this lower-priority account,Unknown; not manually verified for this lower-priority account,Not publicly identified in reviewed material,Ask for owner / manager / retail buyer,burbankinfraredsauna@yahoo.com,https://www.burbankinfraredsauna.com/,http://burbankinfraredsauna.com/,2,2,3,Not established,"Burbank Infrared Sauna reaches recovery customers, but its database-listed infrared focus is less aligned with the traditional high-heat sauna relationship brief.",Ask for product feedback,Ask the owner whether sauna accessories are requested; offer a sample only if there is clear interest.,"Community, physical retail and non-infrared sauna offering require qualification.",Database triage + limited official-site contact scan; not fully qualified,Official-site profile link found; audience size and recent engagement not measured,880,Burbank Infrared Sauna,active,https://www.burbankinfraredsauna.com/,2026-10-05,Not contacted,,Ask the owner whether sauna accessories are requested; offer a sample only if there is clear interest.
89,Long tail,Low,Chuan Spa at The Langham,Chicago,Illinois,United States,https://www.langhamhotels.com/en/the-langham/chicago/wellness/chuan-spa/,https://www.instagram.com/LanghamChicago/,Hotel Spa / Day Spa,Hotel Spa / Day Spa (database classification; heater type unverified),1 database locations; total brand locations unknown,Unknown; not manually verified for this lower-priority account,Unknown; not manually verified for this lower-priority account,Not publicly identified in reviewed material,Ask for owner / manager / retail buyer,tlchi.info@langhamhotels.com,https://www.langhamhotels.com/en/the-langham/chicago/wellness/chuan-spa/,https://www.langhamhotels.com/en/the-langham/chicago/contact-us/,2,2,3,Not established,"Chuan Spa at The Langham has a sauna/wellness listing, but available evidence does not yet establish the combination of sauna focus, repeat community and accessible retail buying needed for earlier outreach.",Ask for product feedback,Use the public contact route to ask whether a sauna accessory trial would be relevant.,Limited qualification; inspect current sauna prominence and product-selling capability first.,Database triage + limited official-site contact scan; not fully qualified,Official-site profile link found; audience size and recent engagement not measured,647,Chuan Spa at The Langham,active,"https://www.langhamhotels.com/en/the-langham/chicago/wellness/chuan-spa/
https://www.langhamhotels.com/en/the-langham/chicago/contact-us/
https://www.langhamhotels.com/en/the-langham/chicago/events/weddings/
https://www.langhamhotels.com/en/the-langham/chicago/events/meetings/
https://www.langhamhotels.com/en/the-langham/chicago/events/",2026-10-05,Not contacted,,Use the public contact route to ask whether a sauna accessory trial would be relevant.
90,Long tail,Low,Denver Sports Recovery,Denver,Colorado,United States,https://www.denversportsrecovery.com/,https://www.instagram.com/denversportsrecovery,Day Spa,Day Spa (database classification; heater type unverified),1 database locations; total brand locations unknown,Unknown; not manually verified for this lower-priority account,Unknown; not manually verified for this lower-priority account,Not publicly identified in reviewed material,Ask for owner / manager / retail buyer,info@denversportsrecovery.com,https://denversportsrecovery.com/,https://www.denversportsrecovery.com/,2,2,3,Not established,"Denver Sports Recovery has a sauna/wellness listing, but available evidence does not yet establish the combination of sauna focus, repeat community and accessible retail buying needed for earlier outreach.",Ask for product feedback,Use the public contact route to ask whether a sauna accessory trial would be relevant.,Limited qualification; inspect current sauna prominence and product-selling capability first.,Database triage + limited official-site contact scan; not fully qualified,Official-site profile link found; audience size and recent engagement not measured,695,Denver Sports Recovery,active,https://denversportsrecovery.com/,2026-10-05,Not contacted,,Use the public contact route to ask whether a sauna accessory trial would be relevant.
91,Long tail,Low,Elev8 Infrared Sauna Studio,Los Angeles,California,United States,https://www.elev8infrared.com/,https://www.instagram.com/elev8.losangeles,Infrared Sauna,Infrared Sauna (database classification; heater type unverified),1 database locations; total brand locations unknown,Unknown; not manually verified for this lower-priority account,Unknown; not manually verified for this lower-priority account,Not publicly identified in reviewed material,Ask for owner / manager / retail buyer,elev8infrared@gmail.com,https://elev8infrared.com/,https://www.elev8infrared.com/,2,2,3,Not established,"Elev8 Infrared Sauna Studio reaches recovery customers, but its database-listed infrared focus is less aligned with the traditional high-heat sauna relationship brief.",Ask for product feedback,Ask the owner whether sauna accessories are requested; offer a sample only if there is clear interest.,"Community, physical retail and non-infrared sauna offering require qualification.",Database triage + limited official-site contact scan; not fully qualified,Official-site profile link found; audience size and recent engagement not measured,881,Elev8 Infrared Sauna Studio,active,https://elev8infrared.com/,2026-10-05,Not contacted,,Ask the owner whether sauna accessories are requested; offer a sample only if there is clear interest.
92,Long tail,Low,Float House Vancouver,Vancouver,British Columbia,Canada,http://www.floathouse.ca/,Not verified,Infrared Sauna / Float Spa,Infrared Sauna / Float Spa (database classification; heater type unverified),1 database locations; total brand locations unknown,Unknown; not manually verified for this lower-priority account,Unknown; not manually verified for this lower-priority account,Not publicly identified in reviewed material,Ask for owner / manager / retail buyer,info@floathouse.ca,https://floathouse.ca/,https://floathouse.ca/contact,2,2,3,Not established,"Float House Vancouver reaches recovery customers, but its database-listed infrared focus is less aligned with the traditional high-heat sauna relationship brief.",Ask for product feedback,Ask the owner whether sauna accessories are requested; offer a sample only if there is clear interest.,"Community, physical retail and non-infrared sauna offering require qualification.",Database triage + limited official-site contact scan; not fully qualified,Profile / recent activity not verified,780,Float House Vancouver,active,"https://floathouse.ca/
https://floathouse.ca/contact
https://floathouse.ca/about",2026-10-05,Not contacted,,Ask the owner whether sauna accessories are requested; offer a sample only if there is clear interest.
93,Long tail,Low,Float Seattle,Seattle; Renton; Bellevue,Washington,United States,http://www.floatseattle.com/,http://www.instagram.com/floatseattle,Float Spa,Float Spa (database classification; heater type unverified),5 database locations; total brand locations unknown,Unknown; not manually verified for this lower-priority account,Unknown; not manually verified for this lower-priority account,Not publicly identified in reviewed material,Ask for owner / manager / retail buyer,guide@floatseattle.com,https://www.floatseattle.com/,https://www.floatseattle.com/contact,2,2,3,Not established,"Float Seattle has a sauna/wellness listing, but available evidence does not yet establish the combination of sauna focus, repeat community and accessible retail buying needed for earlier outreach.",Ask for product feedback,Use the public contact route to ask whether a sauna accessory trial would be relevant.,Limited qualification; inspect current sauna prominence and product-selling capability first.,Database triage + limited official-site contact scan; not fully qualified,Official-site profile link found; audience size and recent engagement not measured,586; 588; 602; 603; 604,Float Seattle (South Lake Union); Float Seattle (Renton Landing); Float Seattle (Greenwood); Float Seattle (Greenlake); Float Seattle (Bellevue),active,"https://www.floatseattle.com/
https://www.floatseattle.com/contact
https://www.floatseattle.com/our-story
https://www.floatseattle.com/membership",2026-10-05,Not contacted,,Use the public contact route to ask whether a sauna accessory trial would be relevant.
94,Long tail,Low,Great Jones Spa,New York City,New York,United States,http://www.gjspa.com/,Not verified,Day Spa,Day Spa (database classification; heater type unverified),1 database locations; total brand locations unknown,Unknown; not manually verified for this lower-priority account,Unknown; not manually verified for this lower-priority account,Not publicly identified in reviewed material,Ask for owner / manager / retail buyer,info@gjspa.com,https://gjspa.com/,https://gjspa.com/contact/,2,2,3,Not established,"Great Jones Spa has a sauna/wellness listing, but available evidence does not yet establish the combination of sauna focus, repeat community and accessible retail buying needed for earlier outreach.",Ask for product feedback,Use the public contact route to ask whether a sauna accessory trial would be relevant.,Limited qualification; inspect current sauna prominence and product-selling capability first.,Database triage + limited official-site contact scan; not fully qualified,Profile / recent activity not verified,11,Great Jones Spa,active,"https://gjspa.com/
https://gjspa.com/contact/
https://gjspa.com/about-us/",2026-10-05,Not contacted,,Use the public contact route to ask whether a sauna accessory trial would be relevant.
95,Long tail,Low,Hothouse Spa & Sauna,Seattle,Washington,United States,http://www.hothousespa.com/,Not verified,Boutique Sauna,Boutique Sauna (database classification; heater type unverified),1 database locations; total brand locations unknown,Unknown; not manually verified for this lower-priority account,Unknown; not manually verified for this lower-priority account,Not publicly identified in reviewed material,Ask for owner / manager / retail buyer,admin@hothousespa.com,https://www.hothousespa.com/,https://www.hothousespa.com/contact,2,2,3,Not established,"Hothouse Spa & Sauna has a sauna/wellness listing, but available evidence does not yet establish the combination of sauna focus, repeat community and accessible retail buying needed for earlier outreach.",Ask for product feedback,Use the public contact route to ask whether a sauna accessory trial would be relevant.,Limited qualification; inspect current sauna prominence and product-selling capability first.,Database triage + limited official-site contact scan; not fully qualified,Profile / recent activity not verified,567,Hothouse Spa & Sauna,active,"https://www.hothousespa.com/
https://www.hothousespa.com/contact",2026-10-05,Not contacted,,Use the public contact route to ask whether a sauna accessory trial would be relevant.
96,Long tail,Low,"Love Your Body: ICOONE, Endermologie, Endospheres, Red Light Therapy, Microcurrent, Infrared Sauna",West Hollywood,California,United States,https://loveyourbodystudios.com/,https://www.instagram.com/loveyourbodystudios/,Infrared Sauna,Infrared Sauna (database classification; heater type unverified),1 database locations; total brand locations unknown,Unknown; not manually verified for this lower-priority account,Unknown; not manually verified for this lower-priority account,Not publicly identified in reviewed material,Ask for owner / manager / retail buyer,info@loveyourbodystudios.com,https://loveyourbodystudios.com/,https://loveyourbodystudios.com/,2,2,3,Not established,"Love Your Body: ICOONE, Endermologie, Endospheres, Red Light Therapy, Microcurrent, Infrared Sauna reaches recovery customers, but its database-listed infrared focus is less aligned with the traditional high-heat sauna relationship brief.",Ask for product feedback,Ask the owner whether sauna accessories are requested; offer a sample only if there is clear interest.,"Community, physical retail and non-infrared sauna offering require qualification.",Database triage + limited official-site contact scan; not fully qualified,Official-site profile link found; audience size and recent engagement not measured,883,"Love Your Body: ICOONE, Endermologie, Endospheres, Red Light Therapy, Microcurrent, Infrared Sauna",active,"https://loveyourbodystudios.com/
https://loveyourbodystudios.com/about-us/
https://loveyourbodystudios.com/membership/",2026-10-05,Not contacted,,Ask the owner whether sauna accessories are requested; offer a sample only if there is clear interest.
97,Long tail,Low,Lustre Infrared Sauna Studio,Maple Valley,Washington,United States,https://www.lustreinfraredsauna.com/,https://www.instagram.com/lustresauna/,Infrared Sauna,Infrared Sauna (database classification; heater type unverified),1 database locations; total brand locations unknown,Unknown; not manually verified for this lower-priority account,Unknown; not manually verified for this lower-priority account,Not publicly identified in reviewed material,Ask for owner / manager / retail buyer,info@lustreinfraredsauna.com,https://www.lustreinfraredsauna.com/,https://www.lustreinfraredsauna.com/contact,2,2,3,Not established,"Lustre Infrared Sauna Studio reaches recovery customers, but its database-listed infrared focus is less aligned with the traditional high-heat sauna relationship brief.",Ask for product feedback,Ask the owner whether sauna accessories are requested; offer a sample only if there is clear interest.,"Community, physical retail and non-infrared sauna offering require qualification.",Database triage + limited official-site contact scan; not fully qualified,Official-site profile link found; audience size and recent engagement not measured,624,Lustre Infrared Sauna Studio,active,"https://www.lustreinfraredsauna.com/
https://www.lustreinfraredsauna.com/contact
https://www.lustreinfraredsauna.com/about",2026-10-05,Not contacted,,Ask the owner whether sauna accessories are requested; offer a sample only if there is clear interest.
98,Long tail,Low,Miraj Hammam Spa,Toronto,Ontario,Canada,https://mirajhammamtoronto.com/,https://www.instagram.com/mirajhammamspa/,Hotel Spa,Hotel Spa (database classification; heater type unverified),1 database locations; total brand locations unknown,Unknown; not manually verified for this lower-priority account,Unknown; not manually verified for this lower-priority account,Not publicly identified in reviewed material,Ask for owner / manager / retail buyer,info@mirajhammamtoronto.com,https://mirajhammamtoronto.com/,https://mirajhammamtoronto.com/contact-us/,2,2,3,Not established,"Miraj Hammam Spa has a sauna/wellness listing, but available evidence does not yet establish the combination of sauna focus, repeat community and accessible retail buying needed for earlier outreach.",Ask for product feedback,Use the public contact route to ask whether a sauna accessory trial would be relevant.,Limited qualification; inspect current sauna prominence and product-selling capability first.,Database triage + limited official-site contact scan; not fully qualified,Official-site profile link found; audience size and recent engagement not measured,825,Miraj Hammam Spa,active,"https://mirajhammamtoronto.com/
https://mirajhammamtoronto.com/contact-us/
https://mirajhammamtoronto.com/about/",2026-10-05,Not contacted,,Use the public contact route to ask whether a sauna accessory trial would be relevant.
99,Long tail,Low,Q Sauna & Spa,Lynnwood,Washington,United States,https://qspalynnwood.com/,https://www.instagram.com/qsauna_and_spa/,Boutique Sauna,Boutique Sauna (database classification; heater type unverified),1 database locations; total brand locations unknown,Unknown; not manually verified for this lower-priority account,Unknown; not manually verified for this lower-priority account,Not publicly identified in reviewed material,Ask for owner / manager / retail buyer,info@qspalynnwood.com,https://qspalynnwood.com/,https://qspalynnwood.com/contacts/,2,2,3,Not established,"Q Sauna & Spa has a sauna/wellness listing, but available evidence does not yet establish the combination of sauna focus, repeat community and accessible retail buying needed for earlier outreach.",Ask for product feedback,Use the public contact route to ask whether a sauna accessory trial would be relevant.,Limited qualification; inspect current sauna prominence and product-selling capability first.,Database triage + limited official-site contact scan; not fully qualified,Official-site profile link found; audience size and recent engagement not measured,578,Q Sauna & Spa,active,"https://qspalynnwood.com/
https://qspalynnwood.com/contacts/
https://qspalynnwood.com/man-sauna-man-spa-lynnwood-seattle-millcreek-woman-sauna-woman-spa-massage-hot-tub-jacuzzi-family-spa-about/
https://qspalynnwood.com/gift-card-for-membership/
https://qspalynnwood.com/events-promotions/",2026-10-05,Not contacted,,Use the public contact route to ask whether a sauna accessory trial would be relevant.
100,Long tail,Low,Remedy Place Flatiron,New York City,New York,United States,https://remedyplace.com/,https://www.instagram.com/remedyplace,Boutique Sauna,Boutique Sauna (database classification; heater type unverified),1 database locations; total brand locations unknown,Unknown; not manually verified for this lower-priority account,Unknown; not manually verified for this lower-priority account,Not publicly identified in reviewed material,Ask for owner / manager / retail buyer,membership@remedyplace.com,https://www.remedyplace.com/memberships,https://www.remedyplace.com/contact,2,2,3,Not established,"Remedy Place Flatiron has a sauna/wellness listing, but available evidence does not yet establish the combination of sauna focus, repeat community and accessible retail buying needed for earlier outreach.",Ask for product feedback,Use the public contact route to ask whether a sauna accessory trial would be relevant.,Limited qualification; inspect current sauna prominence and product-selling capability first.,Database triage + limited official-site contact scan; not fully qualified,Official-site profile link found; audience size and recent engagement not measured,92,Remedy Place Flatiron,active,"https://www.remedyplace.com/
https://www.remedyplace.com/contact
https://www.remedyplace.com/about-us
https://www.remedyplace.com/memberships
https://www.remedyplace.com/specialevents",2026-10-05,Not contacted,,Use the public contact route to ask whether a sauna accessory trial would be relevant.
101,Long tail,Low,Sapa Spa & Wellness,Denver,Colorado,United States,https://sapa-spa.com/,https://www.instagram.com/sapa_spa_wellness,Infrared Sauna,Infrared Sauna (database classification; heater type unverified),1 database locations; total brand locations unknown,Unknown; not manually verified for this lower-priority account,Unknown; not manually verified for this lower-priority account,Not publicly identified in reviewed material,Ask for owner / manager / retail buyer,hello@sapa-spa.com,https://sapa-spa.com/,https://sapa-spa.com/,2,2,3,Not established,"Sapa Spa & Wellness reaches recovery customers, but its database-listed infrared focus is less aligned with the traditional high-heat sauna relationship brief.",Ask for product feedback,Ask the owner whether sauna accessories are requested; offer a sample only if there is clear interest.,"Community, physical retail and non-infrared sauna offering require qualification.",Database triage + limited official-site contact scan; not fully qualified,Official-site profile link found; audience size and recent engagement not measured,697,Sapa Spa & Wellness,active,"https://sapa-spa.com/
https://sapa-spa.com/wellness-workshops-1",2026-10-05,Not contacted,,Ask the owner whether sauna accessories are requested; offer a sample only if there is clear interest.
102,Long tail,Low,Sauna Hut (Green Lake / Shoreline; ownership to confirm),Seattle; Shoreline,Washington,United States,http://www.sauna-hut.com/,https://instagram.com/thesaunahut,Boutique Sauna,Boutique Sauna (database classification; heater type unverified),2 database locations; total brand locations unknown,Unknown; not manually verified for this lower-priority account,Unknown; not manually verified for this lower-priority account,Not publicly identified in reviewed material,Ask for owner / manager / retail buyer,info@thesaunahut.com,https://www.thesaunahut.com/,http://www.sauna-hut.com/,2,2,3,Not established,"Sauna Hut (Green Lake / Shoreline; ownership to confirm) has a sauna/wellness listing, but available evidence does not yet establish the combination of sauna focus, repeat community and accessible retail buying needed for earlier outreach.",Ask for product feedback,Use the public contact route to ask whether a sauna accessory trial would be relevant.,Limited qualification; inspect current sauna prominence and product-selling capability first. Green Lake/Shoreline buying relationship is unverified; qualify once before splitting accounts.,Database triage + limited official-site contact scan; not fully qualified,Official-site profile link found; audience size and recent engagement not measured,571; 580,Sauna Hut Green Lake; Sauna Hut Shoreline,active,https://www.thesaunahut.com/,2026-10-05,Not contacted,,Use the public contact route to ask whether a sauna accessory trial would be relevant.
103,Long tail,Low,Sauna n Soak,Edmonds,Washington,United States,https://www.saunansoak.com/,https://www.instagram.com/saunansoak/,Boutique Sauna,Boutique Sauna (database classification; heater type unverified),1 database locations; total brand locations unknown,Unknown; not manually verified for this lower-priority account,Unknown; not manually verified for this lower-priority account,Not publicly identified in reviewed material,Ask for owner / manager / retail buyer,saunansoak@gmail.com,https://www.saunansoak.com/,https://www.saunansoak.com/contact,2,2,3,Not established,"Sauna n Soak has a sauna/wellness listing, but available evidence does not yet establish the combination of sauna focus, repeat community and accessible retail buying needed for earlier outreach.",Ask for product feedback,Use the public contact route to ask whether a sauna accessory trial would be relevant.,Limited qualification; inspect current sauna prominence and product-selling capability first.,Database triage + limited official-site contact scan; not fully qualified,Official-site profile link found; audience size and recent engagement not measured,621,Sauna n Soak,active,"https://www.saunansoak.com/
https://www.saunansoak.com/contact
https://www.saunansoak.com/about",2026-10-05,Not contacted,,Use the public contact route to ask whether a sauna accessory trial would be relevant.
104,Long tail,Low,Spa World Houston - Korean Spa & Sauna,Katy,Texas,United States,https://spaworldhouston.com/,https://www.instagram.com/spaworldhouston/,Infrared Sauna / Korean Spa / Modern Bathhouse,Infrared Sauna / Korean Spa / Modern Bathhouse (database classification; heater type unverified),1 database locations; total brand locations unknown,Unknown; not manually verified for this lower-priority account,Unknown; not manually verified for this lower-priority account,Not publicly identified in reviewed material,Ask for owner / manager / retail buyer,info@spaworldhouston.com,https://spaworldhouston.com/,https://spaworldhouston.com/contact-us/,2,2,3,Not established,"Spa World Houston - Korean Spa & Sauna reaches recovery customers, but its database-listed infrared focus is less aligned with the traditional high-heat sauna relationship brief.",Ask for product feedback,Ask the owner whether sauna accessories are requested; offer a sample only if there is clear interest.,"Community, physical retail and non-infrared sauna offering require qualification.",Database triage + limited official-site contact scan; not fully qualified,Official-site profile link found; audience size and recent engagement not measured,705,Spa World Houston - Korean Spa & Sauna,active,"https://spaworldhouston.com/
https://spaworldhouston.com/contact-us/
https://spaworldhouston.com/about-us/
https://spaworldhouston.com/membership/
https://spaworldhouston.com/private-parties-and-special-events/",2026-10-05,Not contacted,,Ask the owner whether sauna accessories are requested; offer a sample only if there is clear interest.
105,Long tail,Low,Sui Spa,New York City,New York,United States,http://www.suiyoga.com/,https://www.instagram.com/suiyoganyc/,Boutique Sauna,Boutique Sauna (database classification; heater type unverified),1 database locations; total brand locations unknown,Unknown; not manually verified for this lower-priority account,Unknown; not manually verified for this lower-priority account,Not publicly identified in reviewed material,Ask for owner / manager / retail buyer,hello@suiyoga.com,https://suiyoga.com/,http://www.suiyoga.com/,2,2,3,Not established,"Sui Spa has a sauna/wellness listing, but available evidence does not yet establish the combination of sauna focus, repeat community and accessible retail buying needed for earlier outreach.",Ask for product feedback,Use the public contact route to ask whether a sauna accessory trial would be relevant.,Limited qualification; inspect current sauna prominence and product-selling capability first.,Database triage + limited official-site contact scan; not fully qualified,Official-site profile link found; audience size and recent engagement not measured,922,Sui Spa,active,"https://suiyoga.com/
https://suiyoga.com/our-story/
https://suiyoga.com/class-memberships/
https://suiyoga.com/events-retreats/",2026-10-05,Not contacted,,Use the public contact route to ask whether a sauna accessory trial would be relevant.
106,Long tail,Low,Tech Sauna Spa,Katy,Texas,United States,https://www.techsaunaspa.com/,Not verified,Boutique Sauna,Boutique Sauna (database classification; heater type unverified),1 database locations; total brand locations unknown,Unknown; not manually verified for this lower-priority account,Unknown; not manually verified for this lower-priority account,Not publicly identified in reviewed material,Ask for owner / manager / retail buyer,techsaunaspa@gmail.com,https://www.techsaunaspa.com/,https://www.techsaunaspa.com/contact,2,2,3,Not established,"Tech Sauna Spa has a sauna/wellness listing, but available evidence does not yet establish the combination of sauna focus, repeat community and accessible retail buying needed for earlier outreach.",Ask for product feedback,Use the public contact route to ask whether a sauna accessory trial would be relevant.,Limited qualification; inspect current sauna prominence and product-selling capability first.,Database triage + limited official-site contact scan; not fully qualified,Profile / recent activity not verified,745,Tech Sauna Spa,active,"https://www.techsaunaspa.com/
https://www.techsaunaspa.com/contact
https://www.techsaunaspa.com/about",2026-10-05,Not contacted,,Use the public contact route to ask whether a sauna accessory trial would be relevant.
107,Long tail,Low,The Raven Spa,Los Angeles,California,United States,https://theravenspa.com,Not verified,Day Spa,Day Spa (database classification; heater type unverified),1 database locations; total brand locations unknown,Unknown; not manually verified for this lower-priority account,Unknown; not manually verified for this lower-priority account,Not publicly identified in reviewed material,Ask for owner / manager / retail buyer,silverlake@theravenspa.com,https://theravenspa.com,https://theravenspa.com/contact/,2,2,3,Not established,"The Raven Spa has a sauna/wellness listing, but available evidence does not yet establish the combination of sauna focus, repeat community and accessible retail buying needed for earlier outreach.",Ask for product feedback,Use the public contact route to ask whether a sauna accessory trial would be relevant.,Limited qualification; inspect current sauna prominence and product-selling capability first.,Database triage + limited official-site contact scan; not fully qualified,Profile / recent activity not verified,658,The Raven Spa,active,"https://theravenspa.com
https://theravenspa.com/contact/",2026-10-05,Not contacted,,Use the public contact route to ask whether a sauna accessory trial would be relevant.
108,Long tail,Low,Vita Day Spa,Shoreview,Minnesota,United States,https://www.vitadayspa.com,https://www.instagram.com/vitadayspamn/,Day Spa / Infrared Sauna,Day Spa / Infrared Sauna (database classification; heater type unverified),1 database locations; total brand locations unknown,Unknown; not manually verified for this lower-priority account,Unknown; not manually verified for this lower-priority account,Not publicly identified in reviewed material,Ask for owner / manager / retail buyer,info@vitadayspa.com,https://www.vitadayspa.com,https://www.vitadayspa.com/contact/,2,2,3,Not established,"Vita Day Spa reaches recovery customers, but its database-listed infrared focus is less aligned with the traditional high-heat sauna relationship brief.",Ask for product feedback,Ask the owner whether sauna accessories are requested; offer a sample only if there is clear interest.,"Community, physical retail and non-infrared sauna offering require qualification.",Database triage + limited official-site contact scan; not fully qualified,Official-site profile link found; audience size and recent engagement not measured,674,Vita Day Spa,active,"https://www.vitadayspa.com
https://www.vitadayspa.com/contact/
https://www.vitadayspa.com/about-vita-day-spa/the-vita-team/
https://www.vitadayspa.com/about-vita-day-spa/about/news/
https://www.vitadayspa.com/about-vita-day-spa/",2026-10-05,Not contacted,,Ask the owner whether sauna accessories are requested; offer a sample only if there is clear interest.
109,Long tail,Low,Voda Spa,West Hollywood,California,United States,https://vodaspa.com,Not verified,Day Spa,Day Spa (database classification; heater type unverified),1 database locations; total brand locations unknown,Unknown; not manually verified for this lower-priority account,Unknown; not manually verified for this lower-priority account,Not publicly identified in reviewed material,Ask for owner / manager / retail buyer,info@vodaspa.com,https://www.vodaspa.com/,https://www.vodaspa.com/contact-vodaspa/,2,2,3,Not established,"Voda Spa has a sauna/wellness listing, but available evidence does not yet establish the combination of sauna focus, repeat community and accessible retail buying needed for earlier outreach.",Ask for product feedback,Use the public contact route to ask whether a sauna accessory trial would be relevant.,Limited qualification; inspect current sauna prominence and product-selling capability first.,Database triage + limited official-site contact scan; not fully qualified,Profile / recent activity not verified,657,Voda Spa,active,"https://www.vodaspa.com/
https://www.vodaspa.com/contact-vodaspa/
https://www.vodaspa.com/memberships/
https://www.vodaspa.com/events/",2026-10-05,Not contacted,,Use the public contact route to ask whether a sauna accessory trial would be relevant.
110,Long tail,Low,Whole Body Cryo-Salt-Sauna-massage-body contouring,Spring,Texas,United States,http://www.wholebodytherapies.com/,http://instagram.com/wholebodyspringtx,Infrared Sauna,Infrared Sauna (database classification; heater type unverified),1 database locations; total brand locations unknown,Unknown; not manually verified for this lower-priority account,Unknown; not manually verified for this lower-priority account,Not publicly identified in reviewed material,Ask for owner / manager / retail buyer,info@wholebodytherapies.com,https://wholebodytherapies.com/,http://www.wholebodytherapies.com/,2,2,3,Not established,"Whole Body Cryo-Salt-Sauna-massage-body contouring reaches recovery customers, but its database-listed infrared focus is less aligned with the traditional high-heat sauna relationship brief.",Ask for product feedback,Ask the owner whether sauna accessories are requested; offer a sample only if there is clear interest.,"Community, physical retail and non-infrared sauna offering require qualification.",Database triage + limited official-site contact scan; not fully qualified,Official-site profile link found; audience size and recent engagement not measured,757,Whole Body Cryo-Salt-Sauna-massage-body contouring,active,https://wholebodytherapies.com/,2026-10-05,Not contacted,,Ask the owner whether sauna accessories are requested; offer a sample only if there is clear interest.
111,Long tail,Low,Worthy Self-Care Studio,Berkeley,California,United States,https://worthyselfcare.com/,https://www.instagram.com/becauseyouareworthy/,Infrared Sauna,Infrared Sauna (database classification; heater type unverified),1 database locations; total brand locations unknown,Unknown; not manually verified for this lower-priority account,Unknown; not manually verified for this lower-priority account,Not publicly identified in reviewed material,Ask for owner / manager / retail buyer,info@worthyselfcare.com,https://worthyselfcare.com/,https://worthyselfcare.com/contact/,2,2,3,Not established,"Worthy Self-Care Studio reaches recovery customers, but its database-listed infrared focus is less aligned with the traditional high-heat sauna relationship brief.",Ask for product feedback,Ask the owner whether sauna accessories are requested; offer a sample only if there is clear interest.,"Community, physical retail and non-infrared sauna offering require qualification.",Database triage + limited official-site contact scan; not fully qualified,Official-site profile link found; audience size and recent engagement not measured,549,Worthy Self-Care Studio,active,"https://worthyselfcare.com/
https://worthyselfcare.com/contact/
https://worthyselfcare.com/about/
https://worthyselfcare.com/memberships/
https://worthyselfcare.com/events/",2026-10-05,Not contacted,,Ask the owner whether sauna accessories are requested; offer a sample only if there is clear interest.
112,Long tail,Low,5 Star Salt Caves,Denver,Colorado,United States,https://5starsaltcaves.com/,Not verified,Infrared Sauna,Infrared Sauna (database classification; heater type unverified),1 database locations; total brand locations unknown,Unknown; not manually verified for this lower-priority account,Unknown; not manually verified for this lower-priority account,Not publicly identified in reviewed material,Ask for owner / manager / retail buyer,Not found,Not found,https://5starsaltcaves.com/,2,2,2,Not established,"5 Star Salt Caves reaches recovery customers, but its database-listed infrared focus is less aligned with the traditional high-heat sauna relationship brief.",Ask for product feedback,Ask the owner whether sauna accessories are requested; offer a sample only if there is clear interest.,"Community, physical retail and non-infrared sauna offering require qualification. Website retrieval failed or returned no readable evidence; this is not proof of closure.",Database triage + limited official-site contact scan; not fully qualified,Profile / recent activity not verified,696,5 Star Salt Caves,active,,2026-10-05,Not contacted,,Ask the owner whether sauna accessories are requested; offer a sample only if there is clear interest.
113,Long tail,Low,Dogpatch Paddle Sauna,San Francisco,California,United States,https://dogpatchpaddle.com,Not verified,Boutique Sauna,Boutique Sauna (database classification; heater type unverified),1 database locations; total brand locations unknown,Unknown; not manually verified for this lower-priority account,Unknown; not manually verified for this lower-priority account,Not publicly identified in reviewed material,Ask for owner / manager / retail buyer,Not found,Not found,https://dogpatchpaddle.com,2,2,2,Not established,"Dogpatch Paddle Sauna has a sauna/wellness listing, but available evidence does not yet establish the combination of sauna focus, repeat community and accessible retail buying needed for earlier outreach.",Ask for product feedback,Use the public contact route to ask whether a sauna accessory trial would be relevant.,Limited qualification; inspect current sauna prominence and product-selling capability first. Website retrieval failed or returned no readable evidence; this is not proof of closure.,Database triage + limited official-site contact scan; not fully qualified,Profile / recent activity not verified,62,Dogpatch Paddle Sauna,active,,2026-10-05,Not contacted,,Use the public contact route to ask whether a sauna accessory trial would be relevant.
114,Long tail,Low,Elliott Bay Sauna & Hot Tub Co,Federal Way,Washington,United States,http://www.elliottbayhottubco.com/rates.html,Not verified,Boutique Sauna,Boutique Sauna (database classification; heater type unverified),1 database locations; total brand locations unknown,Unknown; not manually verified for this lower-priority account,Unknown; not manually verified for this lower-priority account,Not publicly identified in reviewed material,Ask for owner / manager / retail buyer,Not found,Not found,http://www.elliottbayhottubco.com/rates.html,2,2,2,Not established,"Elliott Bay Sauna & Hot Tub Co has a sauna/wellness listing, but available evidence does not yet establish the combination of sauna focus, repeat community and accessible retail buying needed for earlier outreach.",Ask for product feedback,Use the public contact route to ask whether a sauna accessory trial would be relevant.,Limited qualification; inspect current sauna prominence and product-selling capability first.,Database triage + limited official-site contact scan; not fully qualified,Profile / recent activity not verified,622,Elliott Bay Sauna & Hot Tub Co,active,https://www.elliottbayhottubco.com/rates.html,2026-10-05,Not contacted,,Use the public contact route to ask whether a sauna accessory trial would be relevant.
115,Long tail,Low,Float Valley,Markham,Ontario,Canada,https://floatvalley.com/,Not verified,Infrared Sauna / Float Spa,Infrared Sauna / Float Spa (database classification; heater type unverified),1 database locations; total brand locations unknown,Unknown; not manually verified for this lower-priority account,Unknown; not manually verified for this lower-priority account,Not publicly identified in reviewed material,Ask for owner / manager / retail buyer,Not found,Not found,https://floatvalley.com/,2,2,2,Not established,"Float Valley reaches recovery customers, but its database-listed infrared focus is less aligned with the traditional high-heat sauna relationship brief.",Ask for product feedback,Ask the owner whether sauna accessories are requested; offer a sample only if there is clear interest.,"Community, physical retail and non-infrared sauna offering require qualification. Website retrieval failed or returned no readable evidence; this is not proof of closure.",Database triage + limited official-site contact scan; not fully qualified,Profile / recent activity not verified,873,Float Valley,active,,2026-10-05,Not contacted,,Ask the owner whether sauna accessories are requested; offer a sample only if there is clear interest.
116,Long tail,Low,"Halsa Float Spa- Kitsilano, Vancouver",Vancouver,British Columbia,Canada,https://halsa.ca/,Not verified,Infrared Sauna / Float Spa,Infrared Sauna / Float Spa (database classification; heater type unverified),1 database locations; total brand locations unknown,Unknown; not manually verified for this lower-priority account,Unknown; not manually verified for this lower-priority account,Not publicly identified in reviewed material,Ask for owner / manager / retail buyer,Not found,Not found,https://halsa.ca/,2,2,2,Not established,"Halsa Float Spa- Kitsilano, Vancouver reaches recovery customers, but its database-listed infrared focus is less aligned with the traditional high-heat sauna relationship brief.",Ask for product feedback,Ask the owner whether sauna accessories are requested; offer a sample only if there is clear interest.,"Community, physical retail and non-infrared sauna offering require qualification. Website retrieval failed or returned no readable evidence; this is not proof of closure.",Database triage + limited official-site contact scan; not fully qualified,Profile / recent activity not verified,785,"Halsa Float Spa- Kitsilano, Vancouver",active,,2026-10-05,Not contacted,,Ask the owner whether sauna accessories are requested; offer a sample only if there is clear interest.
117,Long tail,Low,Hastings Spa Reflexology Sauna,Vancouver,British Columbia,Canada,https://hastingsspa.com/,https://www.instagram.com/hastingsreflexologysauna/,Boutique Sauna,Boutique Sauna (database classification; heater type unverified),1 database locations; total brand locations unknown,Unknown; not manually verified for this lower-priority account,Unknown; not manually verified for this lower-priority account,Not publicly identified in reviewed material,Ask for owner / manager / retail buyer,Not found,Not found,https://hastingsspa.com/contact-vancouver-spa/,2,2,2,Not established,"Hastings Spa Reflexology Sauna has a sauna/wellness listing, but available evidence does not yet establish the combination of sauna focus, repeat community and accessible retail buying needed for earlier outreach.",Ask for product feedback,Use the public contact route to ask whether a sauna accessory trial would be relevant.,Limited qualification; inspect current sauna prominence and product-selling capability first.,Database triage + limited official-site contact scan; not fully qualified,Official-site profile link found; audience size and recent engagement not measured,776,Hastings Spa Reflexology Sauna,active,"https://hastingsspa.com/
https://hastingsspa.com/contact-vancouver-spa/
https://hastingsspa.com/about-hastings-spa/",2026-10-05,Not contacted,,Use the public contact route to ask whether a sauna accessory trial would be relevant.
118,Long tail,Low,Haute Infrared Studio,Montrose,California,United States,http://hauteinfraredstudio.com/,Not verified,Infrared Sauna,Infrared Sauna (database classification; heater type unverified),1 database locations; total brand locations unknown,Unknown; not manually verified for this lower-priority account,Unknown; not manually verified for this lower-priority account,Not publicly identified in reviewed material,Ask for owner / manager / retail buyer,Not found,Not found,http://hauteinfraredstudio.com/,2,2,2,Not established,"Haute Infrared Studio reaches recovery customers, but its database-listed infrared focus is less aligned with the traditional high-heat sauna relationship brief.",Ask for product feedback,Ask the owner whether sauna accessories are requested; offer a sample only if there is clear interest.,"Community, physical retail and non-infrared sauna offering require qualification.",Database triage + limited official-site contact scan; not fully qualified,Profile / recent activity not verified,895,Haute Infrared Studio,active,"https://www.hauteinfraredstudio.com/
https://www.hauteinfraredstudio.com/membership",2026-10-05,Not contacted,,Ask the owner whether sauna accessories are requested; offer a sample only if there is clear interest.
119,Long tail,Low,Kove Studio,New York City; New York City (Brooklyn),New York,United States,https://kove.studio,Not verified,Infrared Sauna,Infrared Sauna (database classification; heater type unverified),2 NYC locations in database; total count unverified,Unknown; not manually verified for this lower-priority account,Unknown; not manually verified for this lower-priority account,Not publicly identified in reviewed material,Ask for owner / manager / retail buyer,Not found,Not found,https://kove.studio,2,2,2,Not established,"Neighborhood recovery and repeat infrared use provide a possible local introduction, but traditional communal sauna is not established.",Ask for product feedback,Ask the owner whether sauna accessories are requested; offer a sample only if there is clear interest.,"Community, physical retail and non-infrared sauna offering require qualification.",Database triage + limited official-site contact scan; not fully qualified,Profile / recent activity not verified,914; 915,Kove Studio East Village; Kove Studio Williamsburg,active,https://kove.studio,2026-10-05,Not contacted,,Ask the owner whether sauna accessories are requested; offer a sample only if there is clear interest.
120,Long tail,Low,NLighten Infrared Sauna,Hastings-on-Hudson,New York,United States,http://nlighteninfraredsauna.com/contact/,https://www.instagram.com/nlighteninfraredsauna/,Infrared Sauna,Infrared Sauna (database classification; heater type unverified),1 database locations; total brand locations unknown,Unknown; not manually verified for this lower-priority account,Unknown; not manually verified for this lower-priority account,Not publicly identified in reviewed material,Ask for owner / manager / retail buyer,Not found,Not found,https://nlighteninfraredsauna.com/contact/,2,2,2,Not established,"NLighten Infrared Sauna reaches recovery customers, but its database-listed infrared focus is less aligned with the traditional high-heat sauna relationship brief.",Ask for product feedback,Ask the owner whether sauna accessories are requested; offer a sample only if there is clear interest.,"Community, physical retail and non-infrared sauna offering require qualification.",Database triage + limited official-site contact scan; not fully qualified,Official-site profile link found; audience size and recent engagement not measured,53,NLighten Infrared Sauna,active,https://nlighteninfraredsauna.com/contact/,2026-10-05,Not contacted,,Ask the owner whether sauna accessories are requested; offer a sample only if there is clear interest.
121,Long tail,Low,Piedmont Springs,Oakland,California,United States,https://www.piedmontsprings.com/,Not verified,Day Spa,Day Spa (database classification; heater type unverified),1 database locations; total brand locations unknown,Unknown; not manually verified for this lower-priority account,Unknown; not manually verified for this lower-priority account,Not publicly identified in reviewed material,Ask for owner / manager / retail buyer,Not found,Not found,https://www.piedmontsprings.com/,2,2,2,Not established,"Piedmont Springs has a sauna/wellness listing, but available evidence does not yet establish the combination of sauna focus, repeat community and accessible retail buying needed for earlier outreach.",Ask for product feedback,Use the public contact route to ask whether a sauna accessory trial would be relevant.,Limited qualification; inspect current sauna prominence and product-selling capability first.,Database triage + limited official-site contact scan; not fully qualified,Profile / recent activity not verified,550,Piedmont Springs,active,https://www.piedmontsprings.com/,2026-10-05,Not contacted,,Use the public contact route to ask whether a sauna accessory trial would be relevant.
122,Long tail,Low,Reboot Float & Cryo Spa,San Francisco,California,United States,https://rebootfloatspa.com,Not verified,Infrared Sauna,Infrared Sauna (database classification; heater type unverified),2 database locations; total brand locations unknown,Unknown; not manually verified for this lower-priority account,Unknown; not manually verified for this lower-priority account,Not publicly identified in reviewed material,Ask for owner / manager / retail buyer,Not found,Not found,https://rebootfloatspa.com,2,2,2,Not established,"Reboot Float & Cryo Spa reaches recovery customers, but its database-listed infrared focus is less aligned with the traditional high-heat sauna relationship brief.",Ask for product feedback,Ask the owner whether sauna accessories are requested; offer a sample only if there is clear interest.,"Community, physical retail and non-infrared sauna offering require qualification. Website retrieval failed or returned no readable evidence; this is not proof of closure.",Database triage + limited official-site contact scan; not fully qualified,Profile / recent activity not verified,59; 60,Reboot Float & Cryo Spa; Reboot Float & Cryo Spa - Marina,active,,2026-10-05,Not contacted,,Ask the owner whether sauna accessories are requested; offer a sample only if there is clear interest.
123,Long tail,Low,SPLASH STEAM AND SAUNA,Toronto,Ontario,Canada,https://splashsteamandsauna.com/,https://www.instagram.com/splashsteamandsauna/,Boutique Sauna,Boutique Sauna (database classification; heater type unverified),1 database locations; total brand locations unknown,Unknown; not manually verified for this lower-priority account,Unknown; not manually verified for this lower-priority account,Not publicly identified in reviewed material,Ask for owner / manager / retail buyer,Not found,Not found,https://splashsteamandsauna.com/contact/,2,2,2,Not established,"SPLASH STEAM AND SAUNA has a sauna/wellness listing, but available evidence does not yet establish the combination of sauna focus, repeat community and accessible retail buying needed for earlier outreach.",Ask for product feedback,Use the public contact route to ask whether a sauna accessory trial would be relevant.,Limited qualification; inspect current sauna prominence and product-selling capability first.,Database triage + limited official-site contact scan; not fully qualified,Official-site profile link found; audience size and recent engagement not measured,827,SPLASH STEAM AND SAUNA,active,"https://splashsteamandsauna.com/
https://splashsteamandsauna.com/contact/",2026-10-05,Not contacted,,Use the public contact route to ask whether a sauna accessory trial would be relevant.
124,Long tail,Low,Seattle Massage Sauna & Float,Seattle,Washington,United States,https://www.seattlemassagepro.com/,Not verified,Float Spa,Float Spa (database classification; heater type unverified),1 database locations; total brand locations unknown,Unknown; not manually verified for this lower-priority account,Unknown; not manually verified for this lower-priority account,Not publicly identified in reviewed material,Ask for owner / manager / retail buyer,Not found,Not found,https://www.seattlemassagepro.com/,2,2,2,Not established,"Seattle Massage Sauna & Float has a sauna/wellness listing, but available evidence does not yet establish the combination of sauna focus, repeat community and accessible retail buying needed for earlier outreach.",Ask for product feedback,Use the public contact route to ask whether a sauna accessory trial would be relevant.,Limited qualification; inspect current sauna prominence and product-selling capability first. Website retrieval failed or returned no readable evidence; this is not proof of closure.,Database triage + limited official-site contact scan; not fully qualified,Profile / recent activity not verified,583,Seattle Massage Sauna & Float,active,,2026-10-05,Not contacted,,Use the public contact route to ask whether a sauna accessory trial would be relevant.
125,Long tail,Low,SenSpa,San Francisco,California,United States,https://senspa.com,https://www.instagram.com/senspasf,Day Spa,Day Spa (database classification; heater type unverified),1 database locations; total brand locations unknown,Unknown; not manually verified for this lower-priority account,Unknown; not manually verified for this lower-priority account,Not publicly identified in reviewed material,Ask for owner / manager / retail buyer,Not found,Not found,https://senspa.com,2,2,2,Not established,"SenSpa has a sauna/wellness listing, but available evidence does not yet establish the combination of sauna focus, repeat community and accessible retail buying needed for earlier outreach.",Ask for product feedback,Use the public contact route to ask whether a sauna accessory trial would be relevant.,Limited qualification; inspect current sauna prominence and product-selling capability first.,Database triage + limited official-site contact scan; not fully qualified,Official-site profile link found; audience size and recent engagement not measured,65,SenSpa,active,"https://senspa.com
https://senspa.com/about-us/
https://senspa.com/membership/",2026-10-05,Not contacted,,Use the public contact route to ask whether a sauna accessory trial would be relevant.
126,Long tail,Low,Sudor Sauna Studio,Houston,Texas,United States,https://www.sudorsauna.com/,https://www.instagram.com/sudorsaunastudio/,Infrared Sauna,Infrared Sauna (database classification; heater type unverified),1 database locations; total brand locations unknown,Unknown; not manually verified for this lower-priority account,Unknown; not manually verified for this lower-priority account,Not publicly identified in reviewed material,Ask for owner / manager / retail buyer,Not found,Not found,https://www.sudorsauna.com/,2,2,2,Not established,"Sudor Sauna Studio reaches recovery customers, but its database-listed infrared focus is less aligned with the traditional high-heat sauna relationship brief.",Ask for product feedback,Ask the owner whether sauna accessories are requested; offer a sample only if there is clear interest.,"Community, physical retail and non-infrared sauna offering require qualification.",Database triage + limited official-site contact scan; not fully qualified,Official-site profile link found; audience size and recent engagement not measured,703,Sudor Sauna Studio,active,"https://www.sudorsauna.com/
https://www.sudorsauna.com/about",2026-10-05,Not contacted,,Ask the owner whether sauna accessories are requested; offer a sample only if there is clear interest.
127,Long tail,Low,Sway Wellness Club — RiNo (formerly Upswell),Denver,Colorado,United States,https://upswellstudio.com/,http://www.instagram.com/upswell_studio,Modern Bathhouse,Modern Bathhouse (database classification; heater type unverified),1 database locations; total brand locations unknown,Unknown; not manually verified for this lower-priority account,Unknown; not manually verified for this lower-priority account,Not publicly identified in reviewed material,Ask for owner / manager / retail buyer,Not found,Not found,https://upswellstudio.com/,2,2,2,Not established,"Sway Wellness Club — RiNo (formerly Upswell) has a sauna/wellness listing, but available evidence does not yet establish the combination of sauna focus, repeat community and accessible retail buying needed for earlier outreach.",Ask for product feedback,Use the public contact route to ask whether a sauna accessory trial would be relevant.,Limited qualification; inspect current sauna prominence and product-selling capability first.,Database triage + limited official-site contact scan; not fully qualified,Official-site profile link found; audience size and recent engagement not measured,693,Sway Wellness Club — RiNo (formerly Upswell),active,https://upswellstudio.com/,2026-10-05,Not contacted,,Use the public contact route to ask whether a sauna accessory trial would be relevant.
128,Long tail,Low,Virgin Hotels NYC,New York City,New York,United States,https://virginhotels.com/nyc/,Not verified,Hotel Spa,Hotel Spa (database classification; heater type unverified),1 database locations; total brand locations unknown,Unknown; not manually verified for this lower-priority account,Unknown; not manually verified for this lower-priority account,Not publicly identified in reviewed material,Ask for owner / manager / retail buyer,Not found,Not found,https://virginhotels.com/nyc/,2,2,2,Not established,"Virgin Hotels NYC has a sauna/wellness listing, but available evidence does not yet establish the combination of sauna focus, repeat community and accessible retail buying needed for earlier outreach.",Ask for product feedback,Use the public contact route to ask whether a sauna accessory trial would be relevant.,Limited qualification; inspect current sauna prominence and product-selling capability first. Website retrieval failed or returned no readable evidence; this is not proof of closure.,Database triage + limited official-site contact scan; not fully qualified,Profile / recent activity not verified,84,Virgin Hotels NYC,active,,2026-10-05,Not contacted,,Use the public contact route to ask whether a sauna accessory trial would be relevant.
129,Long tail,Low,Vital Ice,San Francisco,California,United States,https://www.vitalicesf.com/,Not verified,Infrared Sauna,Infrared Sauna (database classification; heater type unverified),1 database locations; total brand locations unknown,Unknown; not manually verified for this lower-priority account,Unknown; not manually verified for this lower-priority account,Not publicly identified in reviewed material,Ask for owner / manager / retail buyer,Not found,Not found,https://www.vitalicesf.com/,2,2,2,Not established,"Vital Ice reaches recovery customers, but its database-listed infrared focus is less aligned with the traditional high-heat sauna relationship brief.",Ask for product feedback,Ask the owner whether sauna accessories are requested; offer a sample only if there is clear interest.,"Community, physical retail and non-infrared sauna offering require qualification.",Database triage + limited official-site contact scan; not fully qualified,Profile / recent activity not verified,544,Vital Ice,active,https://www.vitalicesf.com/,2026-10-05,Not contacted,,Ask the owner whether sauna accessories are requested; offer a sample only if there is clear interest.
130,Long tail,Low,WORLD SPA,New York City (Brooklyn),New York,United States,http://worldspa.com/,https://www.instagram.com/worldspanyc/,Modern Bathhouse,Modern Bathhouse (database classification; heater type unverified),1 database locations; total brand locations unknown,Unknown; not manually verified for this lower-priority account,Unknown; not manually verified for this lower-priority account,Not publicly identified in reviewed material,Ask for owner / manager / retail buyer,Not found,Not found,https://worldspa.com/contact-us/,2,2,2,Not established,"WORLD SPA has a sauna/wellness listing, but available evidence does not yet establish the combination of sauna focus, repeat community and accessible retail buying needed for earlier outreach.",Ask for product feedback,Use the public contact route to ask whether a sauna accessory trial would be relevant.,Limited qualification; inspect current sauna prominence and product-selling capability first.,Database triage + limited official-site contact scan; not fully qualified,Official-site profile link found; audience size and recent engagement not measured,17,WORLD SPA,active,"https://worldspa.com/
https://worldspa.com/contact-us/
https://worldspa.com/our-story/
https://worldspa.com/membership/
https://worldspa.com/private-events/",2026-10-05,Not contacted,,Use the public contact route to ask whether a sauna accessory trial would be relevant.
131,Long tail,Low,Water Qube Spa & Sauna,Markham,Ontario,Canada,http://waterq.ca/,Not verified,Boutique Sauna,Boutique Sauna (database classification; heater type unverified),1 database locations; total brand locations unknown,Unknown; not manually verified for this lower-priority account,Unknown; not manually verified for this lower-priority account,Not publicly identified in reviewed material,Ask for owner / manager / retail buyer,Not found,Not found,http://waterq.ca/,2,2,2,Not established,"Water Qube Spa & Sauna has a sauna/wellness listing, but available evidence does not yet establish the combination of sauna focus, repeat community and accessible retail buying needed for earlier outreach.",Ask for product feedback,Use the public contact route to ask whether a sauna accessory trial would be relevant.,Limited qualification; inspect current sauna prominence and product-selling capability first. Website retrieval failed or returned no readable evidence; this is not proof of closure.,Database triage + limited official-site contact scan; not fully qualified,Profile / recent activity not verified,861,Water Qube Spa & Sauna,active,,2026-10-05,Not contacted,,Use the public contact route to ask whether a sauna accessory trial would be relevant.
132,Long tail,Low,Bouldering Project - Poplar,Seattle,Washington,United States,https://boulderingproject.com/location/poplar/,https://www.instagram.com/boulderingprojects/,Gym Sauna,Gym Sauna (database classification; heater type unverified),1 database locations; total brand locations unknown,Unknown; not manually verified for this lower-priority account,Unknown; not manually verified for this lower-priority account,Not publicly identified in reviewed material,Ask for owner / manager / retail buyer,abp.info@boulderingproject.com,https://boulderingproject.com/contact/,https://boulderingproject.com/contact/,1,2,3,Not established,"Bouldering Project - Poplar has a fitness community, but the database lists sauna mainly as a gym amenity; a dedicated accessory buyer is not established.",Ask for product feedback,Only offer a sample through a warm introduction to the wellness or retail manager.,Confirm sauna prominence and local retail authority before any outreach.,Database triage + limited official-site contact scan; not fully qualified,Official-site profile link found; audience size and recent engagement not measured,615,Bouldering Project - Poplar,active,"https://boulderingproject.com/location/poplar/
https://boulderingproject.com/contact/
https://boulderingproject.com/about-youth-programs-seattle/
https://boulderingproject.com/about-us/",2026-10-05,Not contacted,,Only offer a sample through a warm introduction to the wellness or retail manager.
133,Long tail,Low,Ethos,Chicago,Illinois,United States,https://ethostrainingchi.com/,https://www.instagram.com/ethostrainingchi/,Gym Sauna / Recovery Center,Gym Sauna / Recovery Center (database classification; heater type unverified),1 database locations; total brand locations unknown,Unknown; not manually verified for this lower-priority account,Unknown; not manually verified for this lower-priority account,Not publicly identified in reviewed material,Ask for owner / manager / retail buyer,info@ethostrainingchi.com,https://ethostrainingchi.com/,https://ethostrainingchi.com/,1,2,3,Not established,"Ethos has a fitness community, but the database lists sauna mainly as a gym amenity; a dedicated accessory buyer is not established.",Ask for product feedback,Only offer a sample through a warm introduction to the wellness or retail manager.,Confirm sauna prominence and local retail authority before any outreach.,Database triage + limited official-site contact scan; not fully qualified,Official-site profile link found; audience size and recent engagement not measured,640,Ethos,active,"https://ethostrainingchi.com/
https://ethostrainingchi.com/our-story
https://ethostrainingchi.com/events",2026-10-05,Not contacted,,Only offer a sample through a warm introduction to the wellness or retail manager.
134,Long tail,Low,FFC Gold Coast,Chicago,Illinois,United States,https://ffc.com/club-locations/gold-coast/,https://instagram.com/ffc_chicago,Gym Sauna,Gym Sauna (database classification; heater type unverified),1 database locations; total brand locations unknown,Unknown; not manually verified for this lower-priority account,Unknown; not manually verified for this lower-priority account,Not publicly identified in reviewed material,Ask for owner / manager / retail buyer,fitnessformulaclubs@ffc.com,https://ffc.com/contact-us/,https://ffc.com/contact-us/,1,2,3,Not established,"FFC Gold Coast has a fitness community, but the database lists sauna mainly as a gym amenity; a dedicated accessory buyer is not established.",Ask for product feedback,Only offer a sample through a warm introduction to the wellness or retail manager.,Confirm sauna prominence and local retail authority before any outreach.,Database triage + limited official-site contact scan; not fully qualified,Official-site profile link found; audience size and recent engagement not measured,642,FFC Gold Coast,active,"https://ffc.com/club-locations/gold-coast/
https://ffc.com/contact-us/
https://ffc.com/shop/",2026-10-05,Not contacted,,Only offer a sample through a warm introduction to the wellness or retail manager.
135,Long tail,Low,Fitness 2000 Athletic Club,Burnaby,British Columbia,Canada,http://fitness2000.ca/,https://www.instagram.com/fitness2000_f2k/,Gym Sauna,Gym Sauna (database classification; heater type unverified),1 database locations; total brand locations unknown,Unknown; not manually verified for this lower-priority account,Unknown; not manually verified for this lower-priority account,Not publicly identified in reviewed material,Ask for owner / manager / retail buyer,info@fitness2000.ca,https://www.fitness2000.ca/,https://www.fitness2000.ca/contact-us,1,2,3,Not established,"Fitness 2000 Athletic Club has a fitness community, but the database lists sauna mainly as a gym amenity; a dedicated accessory buyer is not established.",Ask for product feedback,Only offer a sample through a warm introduction to the wellness or retail manager.,Confirm sauna prominence and local retail authority before any outreach.,Database triage + limited official-site contact scan; not fully qualified,Official-site profile link found; audience size and recent engagement not measured,811,Fitness 2000 Athletic Club,active,"https://www.fitness2000.ca/
https://www.fitness2000.ca/contact-us
https://www.fitness2000.ca/about-us",2026-10-05,Not contacted,,Only offer a sample through a warm introduction to the wellness or retail manager.
136,Long tail,Low,Innovative Health Gym & Wellness Center,Seattle,Washington,United States,https://ih-seattle.com/,https://www.instagram.com/innovativehealthgym/,Gym Sauna,Gym Sauna (database classification; heater type unverified),1 database locations; total brand locations unknown,Unknown; not manually verified for this lower-priority account,Unknown; not manually verified for this lower-priority account,Not publicly identified in reviewed material,Ask for owner / manager / retail buyer,membership@ih-seattle.com,https://ih-seattle.com/,https://ih-seattle.com/contact-innovative-health/,1,2,3,Not established,"Innovative Health Gym & Wellness Center has a fitness community, but the database lists sauna mainly as a gym amenity; a dedicated accessory buyer is not established.",Ask for product feedback,Only offer a sample through a warm introduction to the wellness or retail manager.,Confirm sauna prominence and local retail authority before any outreach.,Database triage + limited official-site contact scan; not fully qualified,Official-site profile link found; audience size and recent engagement not measured,585,Innovative Health Gym & Wellness Center,active,"https://ih-seattle.com/
https://ih-seattle.com/contact-innovative-health/
https://ih-seattle.com/our-team/
https://ih-seattle.com/gym-membership/",2026-10-05,Not contacted,,Only offer a sample through a warm introduction to the wellness or retail manager.
137,Long tail,Low,Lloyd Athletic Club,Portland,Oregon,United States,https://lloydathleticclub.com,https://www.instagram.com/lloydathleticclub/,Gym Sauna,Gym Sauna (database classification; heater type unverified),1 database locations; total brand locations unknown,Unknown; not manually verified for this lower-priority account,Unknown; not manually verified for this lower-priority account,Not publicly identified in reviewed material,Ask for owner / manager / retail buyer,marlena@lloydathleticclub.com,https://lloydathleticclub.com,https://lloydathleticclub.com,1,2,3,Not established,"Lloyd Athletic Club has a fitness community, but the database lists sauna mainly as a gym amenity; a dedicated accessory buyer is not established.",Ask for product feedback,Only offer a sample through a warm introduction to the wellness or retail manager.,Confirm sauna prominence and local retail authority before any outreach.,Database triage + limited official-site contact scan; not fully qualified,Official-site profile link found; audience size and recent engagement not measured,686,Lloyd Athletic Club,active,"https://lloydathleticclub.com
https://lloydathleticclub.com/about-us/
https://lloydathleticclub.com/shop/
https://lloydathleticclub.com/private-shop/
https://lloydathleticclub.com/membership-information/",2026-10-05,Not contacted,,Only offer a sample through a warm introduction to the wellness or retail manager.
138,Long tail,Low,Manhattan Plaza Health Club,New York City,New York,United States,http://www.mphc.com/sauna,https://www.instagram.com/mphc.nyc/,Gym Sauna,Gym Sauna (database classification; heater type unverified),1 database locations; total brand locations unknown,Unknown; not manually verified for this lower-priority account,Unknown; not manually verified for this lower-priority account,Not publicly identified in reviewed material,Ask for owner / manager / retail buyer,info@mphc.com,https://mphc.com/sauna-and-steam-rooms-re-opens-today/,https://mphc.com/contact/,1,2,3,Not established,"Manhattan Plaza Health Club has a fitness community, but the database lists sauna mainly as a gym amenity; a dedicated accessory buyer is not established.",Ask for product feedback,Only offer a sample through a warm introduction to the wellness or retail manager.,Confirm sauna prominence and local retail authority before any outreach.,Database triage + limited official-site contact scan; not fully qualified,Official-site profile link found; audience size and recent engagement not measured,73,Manhattan Plaza Health Club,active,"https://mphc.com/sauna-and-steam-rooms-re-opens-today/
https://mphc.com/contact/
https://mphc.com/pricelist/
https://mphc.com/ourcommunityevents/",2026-10-05,Not contacted,,Only offer a sample through a warm introduction to the wellness or retail manager.
139,Long tail,Low,Mercedes Club,New York City,New York,United States,http://www.themercedesclub.com/amenities,http://instagram.com/mercedesclubnyc,Gym Sauna,Gym Sauna (database classification; heater type unverified),1 database locations; total brand locations unknown,Unknown; not manually verified for this lower-priority account,Unknown; not manually verified for this lower-priority account,Not publicly identified in reviewed material,Ask for owner / manager / retail buyer,info@themercedesclub.com,https://www.themercedesclub.com/amenities,https://www.themercedesclub.com/contact-us,1,2,3,Not established,"Mercedes Club has a fitness community, but the database lists sauna mainly as a gym amenity; a dedicated accessory buyer is not established.",Ask for product feedback,Only offer a sample through a warm introduction to the wellness or retail manager.,Confirm sauna prominence and local retail authority before any outreach.,Database triage + limited official-site contact scan; not fully qualified,Official-site profile link found; audience size and recent engagement not measured,74,Mercedes Club,active,"https://www.themercedesclub.com/amenities
https://www.themercedesclub.com/contact-us
https://www.themercedesclub.com/about
https://www.themercedesclub.com/events",2026-10-05,Not contacted,,Only offer a sample through a warm introduction to the wellness or retail manager.
140,Long tail,Low,Obsidian Athletic Club,North Vancouver,British Columbia,Canada,http://obsidianathleticclub.com/,https://www.instagram.com/obsidian_athletic_club/,Gym Sauna,Gym Sauna (database classification; heater type unverified),1 database locations; total brand locations unknown,Unknown; not manually verified for this lower-priority account,Unknown; not manually verified for this lower-priority account,Not publicly identified in reviewed material,Ask for owner / manager / retail buyer,info@obsidianathleticclub.com,https://www.obsidianathleticclub.com/,https://www.obsidianathleticclub.com/contact,1,2,3,Not established,"Obsidian Athletic Club has a fitness community, but the database lists sauna mainly as a gym amenity; a dedicated accessory buyer is not established.",Ask for product feedback,Only offer a sample through a warm introduction to the wellness or retail manager.,Confirm sauna prominence and local retail authority before any outreach.,Database triage + limited official-site contact scan; not fully qualified,Official-site profile link found; audience size and recent engagement not measured,810,Obsidian Athletic Club,active,"https://www.obsidianathleticclub.com/
https://www.obsidianathleticclub.com/contact",2026-10-05,Not contacted,,Only offer a sample through a warm introduction to the wellness or retail manager.
141,Long tail,Low,Olympic Athletic Club,Seattle,Washington,United States,http://www.olympicathleticclub.com/,https://www.instagram.com/olympicathleticclub/,Gym Sauna,Gym Sauna (database classification; heater type unverified),1 database locations; total brand locations unknown,Unknown; not manually verified for this lower-priority account,Unknown; not manually verified for this lower-priority account,Not publicly identified in reviewed material,Ask for owner / manager / retail buyer,requests@olympicathleticclub.com,https://www.olympicathleticclub.com/,https://www.olympicathleticclub.com/contact-us/,1,2,3,Not established,"Olympic Athletic Club has a fitness community, but the database lists sauna mainly as a gym amenity; a dedicated accessory buyer is not established.",Ask for product feedback,Only offer a sample through a warm introduction to the wellness or retail manager.,Confirm sauna prominence and local retail authority before any outreach.,Database triage + limited official-site contact scan; not fully qualified,Official-site profile link found; audience size and recent engagement not measured,582,Olympic Athletic Club,active,"https://www.olympicathleticclub.com/
https://www.olympicathleticclub.com/contact-us/
https://www.olympicathleticclub.com/about-oac/
https://www.olympicathleticclub.com/memberships/",2026-10-05,Not contacted,,Only offer a sample through a warm introduction to the wellness or retail manager.
142,Long tail,Low,Red Diamond Yoga + Infrared Sauna,Los Angeles,California,United States,http://www.reddiamondyoga.com/,https://www.instagram.com/reddiamondyoga/,Infrared Sauna / Gym Sauna,Infrared Sauna / Gym Sauna (database classification; heater type unverified),1 database locations; total brand locations unknown,Unknown; not manually verified for this lower-priority account,Unknown; not manually verified for this lower-priority account,Not publicly identified in reviewed material,Ask for owner / manager / retail buyer,info@reddiamondyoga.com,https://reddiamondyoga.com/,https://reddiamondyoga.com/contact/,1,2,3,Not established,"Red Diamond Yoga + Infrared Sauna has a fitness community, but the database lists sauna mainly as a gym amenity; a dedicated accessory buyer is not established.",Ask for product feedback,Only offer a sample through a warm introduction to the wellness or retail manager.,Confirm sauna prominence and local retail authority before any outreach.,Database triage + limited official-site contact scan; not fully qualified,Official-site profile link found; audience size and recent engagement not measured,893,Red Diamond Yoga + Infrared Sauna,active,"https://reddiamondyoga.com/
https://reddiamondyoga.com/contact/
https://reddiamondyoga.com/events/",2026-10-05,Not contacted,,Only offer a sample through a warm introduction to the wellness or retail manager.
143,Long tail,Low,Unionville Athletic Club,Markham,Ontario,Canada,https://www.unionvilleac.com/,https://www.instagram.com/unionvilleathleticclub/,Gym Sauna,Gym Sauna (database classification; heater type unverified),1 database locations; total brand locations unknown,Unknown; not manually verified for this lower-priority account,Unknown; not manually verified for this lower-priority account,Not publicly identified in reviewed material,Ask for owner / manager / retail buyer,frontdesk@unionvilleac.com,https://www.unionvilleac.com/pages/contact-us/contact-gym-markham-ontario,https://www.unionvilleac.com/pages/contact-us/privileges,1,2,3,Not established,"Unionville Athletic Club has a fitness community, but the database lists sauna mainly as a gym amenity; a dedicated accessory buyer is not established.",Ask for product feedback,Only offer a sample through a warm introduction to the wellness or retail manager.,Confirm sauna prominence and local retail authority before any outreach.,Database triage + limited official-site contact scan; not fully qualified,Official-site profile link found; audience size and recent engagement not measured,874,Unionville Athletic Club,active,"https://www.unionvilleac.com/
https://www.unionvilleac.com/pages/contact-us/privileges
https://www.unionvilleac.com/pages/contact-us/contact-gym-markham-ontario
https://www.unionvilleac.com/pages/contact-us
https://www.unionvilleac.com/pages/about-fitness-club-gym-markham-ontario",2026-10-05,Not contacted,,Only offer a sample through a warm introduction to the wellness or retail manager.
144,Long tail,Low,West End Athletic Club,Etobicoke,Ontario,Canada,https://westendac.com/,https://www.instagram.com/westend.ac/,Gym Sauna,Gym Sauna (database classification; heater type unverified),1 database locations; total brand locations unknown,Unknown; not manually verified for this lower-priority account,Unknown; not manually verified for this lower-priority account,Not publicly identified in reviewed material,Ask for owner / manager / retail buyer,info@westendac.com,https://westendac.com/,https://westendac.com/contact,1,2,3,Not established,"West End Athletic Club has a fitness community, but the database lists sauna mainly as a gym amenity; a dedicated accessory buyer is not established.",Ask for product feedback,Only offer a sample through a warm introduction to the wellness or retail manager.,Confirm sauna prominence and local retail authority before any outreach.,Database triage + limited official-site contact scan; not fully qualified,Official-site profile link found; audience size and recent engagement not measured,868,West End Athletic Club,active,"https://westendac.com/
https://westendac.com/contact
https://westendac.com/about
https://westendac.com/memberships",2026-10-05,Not contacted,,Only offer a sample through a warm introduction to the wellness or retail manager.
145,Long tail,Low,Brooklyn Boulders Queensbridge,Long Island City,New York,United States,https://qb.brooklynboulders.com/,https://www.instagram.com/brooklynbouldersnyc/,Gym Sauna,Gym Sauna (database classification; heater type unverified),1 database locations; total brand locations unknown,Unknown; not manually verified for this lower-priority account,Unknown; not manually verified for this lower-priority account,Not publicly identified in reviewed material,Ask for owner / manager / retail buyer,Not found,Not found,https://qb.brooklynboulders.com/,1,2,2,Not established,"Brooklyn Boulders Queensbridge has a fitness community, but the database lists sauna mainly as a gym amenity; a dedicated accessory buyer is not established.",Ask for product feedback,Only offer a sample through a warm introduction to the wellness or retail manager.,Confirm sauna prominence and local retail authority before any outreach.,Database triage + limited official-site contact scan; not fully qualified,Official-site profile link found; audience size and recent engagement not measured,71,Brooklyn Boulders Queensbridge,active,"https://qb.brooklynboulders.com/
https://qb.brooklynboulders.com/pages/about-us
https://qb.brooklynboulders.com/products/week-to-week-membership
https://qb.brooklynboulders.com/products/month-membership",2026-10-05,Not contacted,,Only offer a sample through a warm introduction to the wellness or retail manager.
146,Long tail,Low,Midtown Athletic Club,Chicago,Illinois,United States,https://www.midtown.com/locations/chicago/,Not verified,Gym Sauna,Gym Sauna (database classification; heater type unverified),1 database locations; total brand locations unknown,Unknown; not manually verified for this lower-priority account,Unknown; not manually verified for this lower-priority account,Not publicly identified in reviewed material,Ask for owner / manager / retail buyer,Not found,Not found,https://www.midtown.com/contact-us/,1,2,2,Not established,"Midtown Athletic Club has a fitness community, but the database lists sauna mainly as a gym amenity; a dedicated accessory buyer is not established.",Ask for product feedback,Only offer a sample through a warm introduction to the wellness or retail manager.,Confirm sauna prominence and local retail authority before any outreach.,Database triage + limited official-site contact scan; not fully qualified,Profile / recent activity not verified,641,Midtown Athletic Club,active,"https://www.midtown.com/locations/chicago/
https://www.midtown.com/contact-us/
https://www.midtown.com/events/",2026-10-05,Not contacted,,Only offer a sample through a warm introduction to the wellness or retail manager.
147,Long tail,Low,Mission Cliffs,San Francisco,California,United States,https://touchstoneclimbing.com/mission-cliffs/,Not verified,Gym Sauna,Gym Sauna (database classification; heater type unverified),1 database locations; total brand locations unknown,Unknown; not manually verified for this lower-priority account,Unknown; not manually verified for this lower-priority account,Not publicly identified in reviewed material,Ask for owner / manager / retail buyer,Not found,Not found,https://touchstoneclimbing.com/mission-cliffs/,1,2,2,Not established,"Mission Cliffs has a fitness community, but the database lists sauna mainly as a gym amenity; a dedicated accessory buyer is not established.",Ask for product feedback,Only offer a sample through a warm introduction to the wellness or retail manager.,Confirm sauna prominence and local retail authority before any outreach. Website retrieval failed or returned no readable evidence; this is not proof of closure.,Database triage + limited official-site contact scan; not fully qualified,Profile / recent activity not verified,565,Mission Cliffs,active,,2026-10-05,Not contacted,,Only offer a sample through a warm introduction to the wellness or retail manager.
148,Long tail,Low,RVIVL,Playa Vista,California,United States,http://rvivl.co/,https://www.instagram.com/rvivl.co/,Infrared Sauna / Gym Sauna,Infrared Sauna / Gym Sauna (database classification; heater type unverified),1 database locations; total brand locations unknown,Unknown; not manually verified for this lower-priority account,Unknown; not manually verified for this lower-priority account,Not publicly identified in reviewed material,Ask for owner / manager / retail buyer,Not found,Not found,http://rvivl.co/,1,2,2,Not established,"RVIVL has a fitness community, but the database lists sauna mainly as a gym amenity; a dedicated accessory buyer is not established.",Ask for product feedback,Only offer a sample through a warm introduction to the wellness or retail manager.,Confirm sauna prominence and local retail authority before any outreach.,Database triage + limited official-site contact scan; not fully qualified,Official-site profile link found; audience size and recent engagement not measured,886,RVIVL,active,"https://rvivl.co/
https://rvivl.co/our-story/
https://rvivl.co/memberships/
https://rvivl.co/private-events/",2026-10-05,Not contacted,,Only offer a sample through a warm introduction to the wellness or retail manager.
149,Long tail,Low,"Ritual Urban Retreat - Wellness studio Yoga, Pilates, Sound Bath, Breathwork",Vancouver,British Columbia,Canada,https://www.ritualurbanretreat.com/,https://www.instagram.com/ritual.urban.retreat/,Gym Sauna,Gym Sauna (database classification; heater type unverified),1 database locations; total brand locations unknown,Unknown; not manually verified for this lower-priority account,Unknown; not manually verified for this lower-priority account,Not publicly identified in reviewed material,Ask for owner / manager / retail buyer,Not found,Not found,https://www.ritualurbanretreat.com/events-workshops-contact,1,2,2,Not established,"Ritual Urban Retreat - Wellness studio Yoga, Pilates, Sound Bath, Breathwork has a fitness community, but the database lists sauna mainly as a gym amenity; a dedicated accessory buyer is not established.",Ask for product feedback,Only offer a sample through a warm introduction to the wellness or retail manager.,Confirm sauna prominence and local retail authority before any outreach.,Database triage + limited official-site contact scan; not fully qualified,Official-site profile link found; audience size and recent engagement not measured,802,"Ritual Urban Retreat - Wellness studio Yoga, Pilates, Sound Bath, Breathwork",active,"https://www.ritualurbanretreat.com/
https://www.ritualurbanretreat.com/events-workshops-contact
https://www.ritualurbanretreat.com/contact",2026-10-05,Not contacted,,Only offer a sample through a warm introduction to the wellness or retail manager.
150,Long tail,Low,Silver Mountain Sports Club & Spa,Park City,Utah,United States,http://www.silvermountainspa.com/#new-page,http://instagram.com/silvermountainsportsclub,Gym Sauna,Gym Sauna (database classification; heater type unverified),1 database locations; total brand locations unknown,Unknown; not manually verified for this lower-priority account,Unknown; not manually verified for this lower-priority account,Not publicly identified in reviewed material,Ask for owner / manager / retail buyer,Not found,Not found,http://www.silvermountainspa.com/#new-page,1,2,2,Not established,"Silver Mountain Sports Club & Spa has a fitness community, but the database lists sauna mainly as a gym amenity; a dedicated accessory buyer is not established.",Ask for product feedback,Only offer a sample through a warm introduction to the wellness or retail manager.,Confirm sauna prominence and local retail authority before any outreach.,Database triage + limited official-site contact scan; not fully qualified,Official-site profile link found; audience size and recent engagement not measured,924,Silver Mountain Sports Club & Spa,active,http://www.silvermountainspa.com/#new-page,2026-10-05,Not contacted,,Only offer a sample through a warm introduction to the wellness or retail manager.
151,Long tail,Low,Steamworks (brand-level research account; ownership to confirm),Seattle; Chicago; Toronto,Washington; Illinois; Ontario,United States; Canada,https://www.swbaths.com/,https://www.instagram.com/steamworksseattle/,Modern Bathhouse / Gym Sauna,Modern Bathhouse / Gym Sauna (database classification; heater type unverified),3 database locations; total brand locations unknown,Unknown; not manually verified for this lower-priority account,Unknown; not manually verified for this lower-priority account,Not publicly identified in reviewed material,Ask for owner / manager / retail buyer,Not found,Not found,https://www.steamworksbaths.com/contact-chicago,1,2,2,Not established,"Steamworks (brand-level research account; ownership to confirm) has a fitness community, but the database lists sauna mainly as a gym amenity; a dedicated accessory buyer is not established.",Ask for product feedback,Only offer a sample through a warm introduction to the wellness or retail manager.,Confirm sauna prominence and local retail authority before any outreach. Same-name bathhouse listings grouped to avoid duplicate outreach; common ownership across domains is not established.,Database triage + limited official-site contact scan; not fully qualified,Official-site profile link found; audience size and recent engagement not measured,575; 643; 819,Steamworks Baths Seattle; Steamworks Chicago; Steamworks Baths,active,"https://www.swbaths.com/
https://www.swbaths.ca/
https://www.steamworksbaths.com/chicago
https://www.steamworksbaths.com/contact-chicago
https://www.steamworksbaths.com/contact
https://www.steamworksbaths.com/chicago-events",2026-10-05,Not contacted,,Only offer a sample through a warm introduction to the wellness or retail manager.
152,Long tail,Low,Anytime Fitness,Heber City,Utah,United States,https://www.anytimefitness.com/locations/heber-city-utah-5611/,Not verified,Gym Sauna,Gym Sauna (database classification; heater type unverified),1 database locations; total brand locations unknown,Unknown; not manually verified for this lower-priority account,Unknown; not manually verified for this lower-priority account,Not publicly identified in reviewed material,Ask for owner / manager / retail buyer,Not found,Not found,https://www.anytimefitness.com/locations/heber-city-utah-5611/,1,1,1,Not established,"Anytime Fitness could reach wellness users, but chain/franchise purchasing and a less specific sauna-culture fit make it inefficient for first outreach.",Ask for product feedback,Only pursue with a warm introduction to a local franchise owner or brand retail buyer.,Local buying autonomy is not verified. Chain sites consolidated; exact total location count not researched. Website retrieval failed or returned no readable evidence; this is not proof of closure.,Database triage + limited official-site contact scan; not fully qualified,Profile / recent activity not verified,945,Anytime Fitness,active,,2026-10-05,Not contacted,,Only pursue with a warm introduction to a local franchise owner or brand retail buyer.
153,Long tail,Low,Bay Club (including Magnuson Athletic Club),San Francisco; Seattle,California; Washington,United States,https://bayclubs.com/clubs/financialdistrict,https://www.instagram.com/bayclubs/,Gym Sauna,Gym Sauna (database classification; heater type unverified),2 database locations; total brand locations unknown,Unknown; not manually verified for this lower-priority account,Unknown; not manually verified for this lower-priority account,Not publicly identified in reviewed material,Ask for owner / manager / retail buyer,info.bcfd@bayclubs.com,https://bayclubs.com/clubs/financialdistrict,https://bayclubs.com/contact-us,1,1,1,Not established,"Bay Club Financial District could reach wellness users, but chain/franchise purchasing and a less specific sauna-culture fit make it inefficient for first outreach.",Ask for product feedback,Only pursue with a warm introduction to a local franchise owner or brand retail buyer.,Local buying autonomy is not verified. Chain sites consolidated; exact total location count not researched. Magnuson redirects to the official Bay Club site and is consolidated here.,Database triage + limited official-site contact scan; not fully qualified,Official-site profile link found; audience size and recent engagement not measured,66; 612,Bay Club Financial District; Magnuson Athletic Club,active,"https://bayclubs.com/clubs/financialdistrict
https://bayclubs.com/contact-us
https://bayclubs.com/memberships
https://bayclubs.com/membershipguidelines
https://bayclubs.com/events
https://www.bayclubs.com/clubs/magnuson-athletic-club
https://www.bayclubs.com/contact-us
https://www.bayclubs.com/memberships
https://www.bayclubs.com/membershipguidelines
https://www.bayclubs.com/events",2026-10-05,Not contacted,,Only pursue with a warm introduction to a local franchise owner or brand retail buyer.
154,Long tail,Low,Life Time,New York City (Brooklyn); Chicago; Houston; Sugar Land; Shenandoah; Minneapolis,New York; Illinois; Texas; Minnesota,United States,https://www.lifetime.life/spa,https://instagram.com/lifetime.life,Gym Sauna / Infrared Sauna,Gym Sauna / Infrared Sauna (database classification; heater type unverified),8 database locations; total brand locations unknown,Unknown; not manually verified for this lower-priority account,Unknown; not manually verified for this lower-priority account,Not publicly identified in reviewed material,Ask for owner / manager / retail buyer,Not found,Not found,https://www.lifetime.life/spa,1,1,1,Not established,"Life Time could reach wellness users, but chain/franchise purchasing and a less specific sauna-culture fit make it inefficient for first outreach.",Ask for product feedback,Only pursue with a warm introduction to a local franchise owner or brand retail buyer.,Local buying autonomy is not verified. Chain sites consolidated; exact total location count not researched.,Database triage + limited official-site contact scan; not fully qualified,Official-site profile link found; audience size and recent engagement not measured,69; 636; 713; 737; 741; 750; 760; 904,Life Time Atlantic Avenue; Life Time River North; Life Time; Life Time; Life Time; Life Time; Life Time; Life Time,active,"https://www.lifetime.life/
https://www.lifetime.life/locations/ny/midtown/memberships.html",2026-10-05,Not contacted,,Only pursue with a warm introduction to a local franchise owner or brand retail buyer.
155,Long tail,Low,Perspire Sauna Studio,New York City (Brooklyn); Berkeley; Mountain View; Santa Clara; Chicago; Houston; The Woodlands; Los Angeles; Santa Monica; Maple Grove; Plymouth; New York City,New York; California; Illinois; Texas; Minnesota,United States,https://www.perspiresaunastudio.com/ny/williamsburg/,https://www.instagram.com/perspiresaunastudio/,Infrared Sauna / Boutique Sauna / Modern Bathhouse,Infrared Sauna / Boutique Sauna / Modern Bathhouse (database classification; heater type unverified),13 database locations; total brand locations unknown,Unknown; not manually verified for this lower-priority account,Unknown; not manually verified for this lower-priority account,Not publicly identified in reviewed material,Ask for owner / manager / retail buyer,williamsburg@perspiresaunastudio.com,https://www.perspiresaunastudio.com/locations/williamsburg,https://www.perspiresaunastudio.com/ny/williamsburg/,1,1,1,Not established,"Perspire Sauna Studio could reach wellness users, but chain/franchise purchasing and a less specific sauna-culture fit make it inefficient for first outreach.",Ask for product feedback,Only pursue with a warm introduction to a local franchise owner or brand retail buyer.,Local buying autonomy is not verified. Chain sites consolidated; exact total location count not researched.,Database triage + limited official-site contact scan; not fully qualified,Official-site profile link found; audience size and recent engagement not measured,15; 548; 556; 557; 638; 704; 754; 879; 890; 892; 898; 903; 917,Perspire Sauna Studio; Perspire Sauna Studio — Berkeley; Perspire Sauna Studio — Mountain View; Perspire Sauna Studio — Santa Clara; Perspire Sauna Studio; Perspire Sauna Studio; Perspire Sauna Studio; Perspire Sauna Studio; Perspire Sauna Studio; Perspire Sauna Studio; Perspire Sauna Studio; Perspire Sauna Studio; Perspire Sauna Studio Flatiron,active,"https://www.perspiresaunastudio.com/locations/williamsburg
https://www.perspiresaunastudio.com/about-us",2026-10-05,Not contacted,,Only pursue with a warm introduction to a local franchise owner or brand retail buyer.
156,Long tail,Low,QC NY SPA,New York City,New York,United States,https://www.qcny.com/,Not verified,Day Spa,Day Spa (database classification; heater type unverified),1 database locations; total brand locations unknown,Unknown; not manually verified for this lower-priority account,Unknown; not manually verified for this lower-priority account,Not publicly identified in reviewed material,Ask for owner / manager / retail buyer,Not found,Not found,https://www.qcny.com/,1,1,1,Not established,"QC NY SPA could reach wellness users, but chain/franchise purchasing and a less specific sauna-culture fit make it inefficient for first outreach.",Ask for product feedback,Only pursue with a warm introduction to a local franchise owner or brand retail buyer.,Local buying autonomy is not verified. Chain sites consolidated; exact total location count not researched. Website retrieval failed or returned no readable evidence; this is not proof of closure.,Database triage + limited official-site contact scan; not fully qualified,Profile / recent activity not verified,9,QC NY SPA,active,,2026-10-05,Not contacted,,Only pursue with a warm introduction to a local franchise owner or brand retail buyer.
157,Long tail,Low,Restore Hyper Wellness,Houston; Katy; Sugar Land; Marina Del Rey; Santa Monica,Texas; California,United States,https://www.restore.com/locations/tx-houston-river-oaks-tx007,https://www.instagram.com/rhw_riveroaks,Day Spa / Infrared Sauna,Day Spa / Infrared Sauna (database classification; heater type unverified),6 database locations; total brand locations unknown,Unknown; not manually verified for this lower-priority account,Unknown; not manually verified for this lower-priority account,Not publicly identified in reviewed material,Ask for owner / manager / retail buyer,frontdesktx007@restore.com,https://www.restore.com/locations/tx-houston-river-oaks-tx007,https://www.restore.com/contact-us,1,1,1,Not established,"Restore Hyper Wellness could reach wellness users, but chain/franchise purchasing and a less specific sauna-culture fit make it inefficient for first outreach.",Ask for product feedback,Only pursue with a warm introduction to a local franchise owner or brand retail buyer.,Local buying autonomy is not verified. Chain sites consolidated; exact total location count not researched.,Database triage + limited official-site contact scan; not fully qualified,Official-site profile link found; audience size and recent engagement not measured,707; 714; 746; 749; 882; 891,Restore Hyper Wellness; Restore Hyper Wellness; Restore Hyper Wellness; Restore Hyper Wellness; Restore Hyper Wellness; Restore Hyper Wellness,active,"https://www.restore.com/locations/tx-houston-river-oaks-tx007
https://www.restore.com/contact-us
https://www.restore.com/about-us
https://www.restore.com/memberships",2026-10-05,Not contacted,,Only pursue with a warm introduction to a local franchise owner or brand retail buyer.
158,Long tail,Low,SweatHouz,San Francisco; Chicago; Denver,California; Illinois; Colorado,United States,https://sweathouz.com,Not verified,Infrared Sauna,Infrared Sauna (database classification; heater type unverified),3 database locations; total brand locations unknown,Unknown; not manually verified for this lower-priority account,Unknown; not manually verified for this lower-priority account,Not publicly identified in reviewed material,Ask for owner / manager / retail buyer,Not found,Not found,https://sweathouz.com,1,1,1,Not established,"SweatHouz could reach wellness users, but chain/franchise purchasing and a less specific sauna-culture fit make it inefficient for first outreach.",Ask for product feedback,Only pursue with a warm introduction to a local franchise owner or brand retail buyer.,Local buying autonomy is not verified. Chain sites consolidated; exact total location count not researched. Website retrieval failed or returned no readable evidence; this is not proof of closure.,Database triage + limited official-site contact scan; not fully qualified,Profile / recent activity not verified,61; 639; 698,SweatHouz; SweatHouz Old Town; SweatHouz — South Broadway,active,,2026-10-05,Not contacted,,Only pursue with a warm introduction to a local franchise owner or brand retail buyer.
159,Long tail,Low,TMPL,New York City,New York,United States,https://www.tmplclubs.com/locations/tmpl-avenue-a,https://www.instagram.com/tmplclubs/,Gym Sauna,Gym Sauna (database classification; heater type unverified),2 database locations; total brand locations unknown,Unknown; not manually verified for this lower-priority account,Unknown; not manually verified for this lower-priority account,Not publicly identified in reviewed material,Ask for owner / manager / retail buyer,Not found,Not found,https://www.tmplclubs.com/contact-us,1,1,1,Not established,"TMPL could reach wellness users, but chain/franchise purchasing and a less specific sauna-culture fit make it inefficient for first outreach.",Ask for product feedback,Only pursue with a warm introduction to a local franchise owner or brand retail buyer.,Local buying autonomy is not verified. Chain sites consolidated; exact total location count not researched.,Database triage + limited official-site contact scan; not fully qualified,Official-site profile link found; audience size and recent engagement not measured,72; 90,TMPL Avenue A; TMPL West Village,active,"https://www.tmplclubs.com/locations/tmpl-avenue-a
https://www.tmplclubs.com/contact-us",2026-10-05,Not contacted,,Only pursue with a warm introduction to a local franchise owner or brand retail buyer.
160,Long tail,Low,Villa Sport Athletic Club,Katy; The Woodlands,Texas,United States,https://www.villasport.com/cinco-ranch/,https://www.instagram.com/villasport_cincoranch,Gym Sauna / Infrared Sauna,Gym Sauna / Infrared Sauna (database classification; heater type unverified),2 database locations; total brand locations unknown,Unknown; not manually verified for this lower-priority account,Unknown; not manually verified for this lower-priority account,Not publicly identified in reviewed material,Ask for owner / manager / retail buyer,Not found,Not found,https://www.villasport.com/?redirect_to=about%2Fcontact,1,1,1,Not established,"Villa Sport Athletic Club could reach wellness users, but chain/franchise purchasing and a less specific sauna-culture fit make it inefficient for first outreach.",Ask for product feedback,Only pursue with a warm introduction to a local franchise owner or brand retail buyer.,Local buying autonomy is not verified. Chain sites consolidated; exact total location count not researched.,Database triage + limited official-site contact scan; not fully qualified,Official-site profile link found; audience size and recent engagement not measured,748; 758,Villa Sport Athletic Club; Villa Sport Athletic Club,active,"https://www.villasport.com/cinco-ranch/
https://www.villasport.com/?redirect_to=about%2Fcontact
https://www.villasport.com/cinco-ranch/about/contact",2026-10-05,Not contacted,,Only pursue with a warm introduction to a local franchise owner or brand retail buyer.
161,Long tail,Low,beem Light Sauna,New York City (Brooklyn); Houston; The Woodlands; Excelsior,New York; Texas; Minnesota,United States,https://beemlightsauna.com/park-slope/,https://www.instagram.com/beemlightsauna/,Infrared Sauna / Boutique Sauna,Infrared Sauna / Boutique Sauna (database classification; heater type unverified),4 database locations; total brand locations unknown,Unknown; not manually verified for this lower-priority account,Unknown; not manually verified for this lower-priority account,Not publicly identified in reviewed material,Ask for owner / manager / retail buyer,parkslope@beemlightsauna.com,https://www.beemlightsauna.com/location/park-slope,https://www.beemlightsauna.com/contact-us,1,1,1,Not established,"beem Light Sauna could reach wellness users, but chain/franchise purchasing and a less specific sauna-culture fit make it inefficient for first outreach.",Ask for product feedback,Only pursue with a warm introduction to a local franchise owner or brand retail buyer.,Local buying autonomy is not verified. Chain sites consolidated; exact total location count not researched.,Database triage + limited official-site contact scan; not fully qualified,Official-site profile link found; audience size and recent engagement not measured,20; 706; 755; 910,"beem Light Sauna; beem Light Sauna River Oaks; beem Light Sauna - The Woodlands, Tx; beem® Light Sauna Excelsior",active,"https://www.beemlightsauna.com/location/park-slope
https://www.beemlightsauna.com/contact-us",2026-10-05,Not contacted,,Only pursue with a warm introduction to a local franchise owner or brand retail buyer.
