rank,group,overall_priority,business_name,city,state_province,country,website,instagram,business_category,sauna_type,locations_known,retail_products,memberships_or_recurring,contact_person,contact_role,email,email_source,contact_page,wholesale_potential,relationship_potential,decision_maker_access,naosu_akari_similarity,koriboshi_fit,outreach_angle,personalized_start,caveats,research_depth,social_evidence,database_ids,database_location_names,database_status,sources,checked_on,outreach_status,last_contacted,next_action
51,Long tail,Low,Toronto Sauna Festival,Toronto,Ontario,Canada,https://www.torontosaunafestival.com/,https://www.instagram.com/torontosaunafest/,Sauna festival / event organizer,Multiple sauna experiences; guided rituals; cold plunge,"1 listed Toronto event, October 2–4, 2026",Wellness vendors advertised; hat sales or future vendor slots unverified,2026 event has ended; next edition unannounced in reviewed material,Not publicly identified in reviewed material,Ask for owner / manager / retail buyer,info@torontosaunafestival.com,https://www.torontosaunafestival.com/,https://www.torontosaunafestival.com/,2,4,3,Not established,Concentrated sauna enthusiasts and a vendor/ritual format could suit future sampling; this year’s listed event ended yesterday.,Creator / community partnership,Send a post-event introduction asking about the next confirmed edition and future vendor interest.,Not a year-round sauna or an upcoming 2026 event; do not promise an activation date.,Database triage + limited official-site contact scan; not fully qualified,Official-site profile link found; audience size and recent engagement not measured,851,Toronto Sauna Festival,active,https://www.torontosaunafestival.com/,2026-10-05,Not contacted,,Send a post-event introduction asking about the next confirmed edition and future vendor interest.
52,Long tail,Low,Banya Richmond Hill,Richmond Hill,Ontario,Canada,https://banyarichmondhill.ca/,https://www.instagram.com/banyarichmondhill,Traditional Bathhouse / Russian Banya,Traditional Bathhouse / Russian Banya (database classification; heater type unverified),1 database locations; total brand locations unknown,Unknown; not manually verified for this lower-priority account,Unknown; not manually verified for this lower-priority account,Not publicly identified in reviewed material,Ask for owner / manager / retail buyer,info@banyarichmondhill.ca,https://banyarichmondhill.ca/,https://banyarichmondhill.ca/,3,3,3,Not established,Banya Richmond Hill has a database-listed traditional sauna/banya offering where hats may be familiar; retail readiness and decision-maker access remain unqualified.,Ask for product feedback,Offer the operator a material-comparison sample and ask about existing guest accessory sales.,"Confirm current operation, hat supplier and local buying authority.",Database triage + limited official-site contact scan; not fully qualified,Official-site profile link found; audience size and recent engagement not measured,828,Banya Richmond Hill,active,https://banyarichmondhill.ca/,2026-10-05,Not contacted,,Offer the operator a material-comparison sample and ask about existing guest accessory sales.
53,Long tail,Low,Bay Spa,Santa Clara,California,United States,https://www.bayspaca.com/,https://www.instagram.com/bayspa.ca/,Korean Spa,Korean Spa (database classification; heater type unverified),1 database locations; total brand locations unknown,Unknown; not manually verified for this lower-priority account,Unknown; not manually verified for this lower-priority account,Not publicly identified in reviewed material,Ask for owner / manager / retail buyer,bayspasantaclara@gmail.com,https://www.bayspaca.com/contact,https://www.bayspaca.com/contact,3,3,3,Not established,"Bay Spa is a database-listed Korean spa, giving a cotton bathing accessory a cultural fit; a current retail buyer and repeat-user channel still need qualification.",Ask for product feedback,Ask the spa manager whether cotton sauna hats complement current bathing accessories before offering a small test.,Do not infer existing retail or independent ownership from category alone.,Database triage + limited official-site contact scan; not fully qualified,Official-site profile link found; audience size and recent engagement not measured,552,Bay Spa,active,"https://www.bayspaca.com/
https://www.bayspaca.com/contact
https://www.bayspaca.com/about-bayspa",2026-10-05,Not contacted,,Ask the spa manager whether cotton sauna hats complement current bathing accessories before offering a small test.
54,Long tail,Low,Beverly Hot Springs,Los Angeles,California,United States,https://beverlyhotsprings.com,Not verified,Korean Spa / Traditional Sauna,Korean Spa / Traditional Sauna (database classification; heater type unverified),1 database locations; total brand locations unknown,Unknown; not manually verified for this lower-priority account,Unknown; not manually verified for this lower-priority account,Not publicly identified in reviewed material,Ask for owner / manager / retail buyer,beverlyhotsprings@gmail.com,https://beverlyhotsprings.com,https://beverlyhotsprings.com/contact/,3,3,3,Not established,"Beverly Hot Springs is a database-listed Korean spa, giving a cotton bathing accessory a cultural fit; a current retail buyer and repeat-user channel still need qualification.",Ask for product feedback,Ask the spa manager whether cotton sauna hats complement current bathing accessories before offering a small test.,Do not infer existing retail or independent ownership from category alone.,Database triage + limited official-site contact scan; not fully qualified,Profile / recent activity not verified,651,Beverly Hot Springs,active,"https://beverlyhotsprings.com
https://beverlyhotsprings.com/contact/",2026-10-05,Not contacted,,Ask the spa manager whether cotton sauna hats complement current bathing accessories before offering a small test.
55,Long tail,Low,Brooklyn Banya,New York City (Brooklyn),New York,United States,http://www.brooklynbanya.com/,Not verified,Russian Banya,Russian Banya (database classification; heater type unverified),1 database locations; total brand locations unknown,Unknown; not manually verified for this lower-priority account,Unknown; not manually verified for this lower-priority account,Not publicly identified in reviewed material,Ask for owner / manager / retail buyer,info@brooklynbanya.com,https://www.brooklynbanya.com/,http://www.brooklynbanya.com/,3,3,3,Not established,Brooklyn Banya has a database-listed traditional sauna/banya offering where hats may be familiar; retail readiness and decision-maker access remain unqualified.,Ask for product feedback,Offer the operator a material-comparison sample and ask about existing guest accessory sales.,"Confirm current operation, hat supplier and local buying authority.",Database triage + limited official-site contact scan; not fully qualified,Profile / recent activity not verified,16,Brooklyn Banya,active,https://www.brooklynbanya.com/,2026-10-05,Not contacted,,Offer the operator a material-comparison sample and ask about existing guest accessory sales.
56,Long tail,Low,Immersion Spa,Palo Alto,California,United States,https://immersionspa.com/,https://www.instagram.com/immersionspa/,Korean Spa,Korean Spa (database classification; heater type unverified),1 database locations; total brand locations unknown,Unknown; not manually verified for this lower-priority account,Unknown; not manually verified for this lower-priority account,Not publicly identified in reviewed material,Ask for owner / manager / retail buyer,info@immersionspa.com,https://immersionspa.com/,https://immersionspa.com/,3,3,3,Not established,"Immersion Spa is a database-listed Korean spa, giving a cotton bathing accessory a cultural fit; a current retail buyer and repeat-user channel still need qualification.",Ask for product feedback,Ask the spa manager whether cotton sauna hats complement current bathing accessories before offering a small test.,Do not infer existing retail or independent ownership from category alone.,Database triage + limited official-site contact scan; not fully qualified,Official-site profile link found; audience size and recent engagement not measured,554,Immersion Spa,active,"https://immersionspa.com/
https://immersionspa.com/about-immersion-spa/
https://immersionspa.com/membership/",2026-10-05,Not contacted,,Ask the spa manager whether cotton sauna hats complement current bathing accessories before offering a small test.
57,Long tail,Low,Imperial Day Spa,San Francisco,California,United States,https://imperialdayspa.com/,https://www.instagram.com/idspaca/,Korean Spa,Korean Spa (database classification; heater type unverified),1 database locations; total brand locations unknown,Unknown; not manually verified for this lower-priority account,Unknown; not manually verified for this lower-priority account,Not publicly identified in reviewed material,Ask for owner / manager / retail buyer,text@imperialdayspa.com,https://imperialdayspa.com/contacts/,https://imperialdayspa.com/contacts/,3,3,3,Not established,"Imperial Day Spa is a database-listed Korean spa, giving a cotton bathing accessory a cultural fit; a current retail buyer and repeat-user channel still need qualification.",Ask for product feedback,Ask the spa manager whether cotton sauna hats complement current bathing accessories before offering a small test.,Do not infer existing retail or independent ownership from category alone.,Database triage + limited official-site contact scan; not fully qualified,Official-site profile link found; audience size and recent engagement not measured,543,Imperial Day Spa,active,"https://imperialdayspa.com/
https://imperialdayspa.com/contacts/
https://imperialdayspa.com/about/",2026-10-05,Not contacted,,Ask the spa manager whether cotton sauna hats complement current bathing accessories before offering a small test.
58,Long tail,Low,JUVENEX SPA,New York City,New York,United States,http://juvenexspanyc.com/,https://www.instagram.com/juvenexspanyc/,Korean Spa,Korean Spa (database classification; heater type unverified),1 database locations; total brand locations unknown,Unknown; not manually verified for this lower-priority account,Unknown; not manually verified for this lower-priority account,Not publicly identified in reviewed material,Ask for owner / manager / retail buyer,info@juvenexspanyc.com,https://juvenexspanyc.com/,http://juvenexspanyc.com/,3,3,3,Not established,"JUVENEX SPA is a database-listed Korean spa, giving a cotton bathing accessory a cultural fit; a current retail buyer and repeat-user channel still need qualification.",Ask for product feedback,Ask the spa manager whether cotton sauna hats complement current bathing accessories before offering a small test.,Do not infer existing retail or independent ownership from category alone.,Database triage + limited official-site contact scan; not fully qualified,Official-site profile link found; audience size and recent engagement not measured,10,JUVENEX SPA,active,"https://juvenexspanyc.com/
https://juvenexspanyc.com/about-us/",2026-10-05,Not contacted,,Ask the spa manager whether cotton sauna hats complement current bathing accessories before offering a small test.
59,Long tail,Low,Olympic Spa,Los Angeles,California,United States,https://olympicspala.com,https://www.instagram.com/olympicspa_official,Korean Spa,Korean Spa (database classification; heater type unverified),1 database locations; total brand locations unknown,Unknown; not manually verified for this lower-priority account,Unknown; not manually verified for this lower-priority account,Not publicly identified in reviewed material,Ask for owner / manager / retail buyer,inquiry@olympicspala.com,https://olympicspala.com,https://olympicspala.com/contact-us/,3,3,3,Not established,"Olympic Spa is a database-listed Korean spa, giving a cotton bathing accessory a cultural fit; a current retail buyer and repeat-user channel still need qualification.",Ask for product feedback,Ask the spa manager whether cotton sauna hats complement current bathing accessories before offering a small test.,Do not infer existing retail or independent ownership from category alone.,Database triage + limited official-site contact scan; not fully qualified,Official-site profile link found; audience size and recent engagement not measured,650,Olympic Spa,active,"https://olympicspala.com
https://olympicspala.com/contact-us/
https://olympicspala.com/about-us/",2026-10-05,Not contacted,,Ask the spa manager whether cotton sauna hats complement current bathing accessories before offering a small test.
60,Long tail,Low,PSY Spa USA,San Leandro,California,United States,https://www.psyspausa.com/,Not verified,Korean Spa,Korean Spa (database classification; heater type unverified),1 database locations; total brand locations unknown,Unknown; not manually verified for this lower-priority account,Unknown; not manually verified for this lower-priority account,Not publicly identified in reviewed material,Ask for owner / manager / retail buyer,psyspausa@gmail.com,https://www.psyspausa.com/contact,https://www.psyspausa.com/contact,3,3,3,Not established,"PSY Spa USA is a database-listed Korean spa, giving a cotton bathing accessory a cultural fit; a current retail buyer and repeat-user channel still need qualification.",Ask for product feedback,Ask the spa manager whether cotton sauna hats complement current bathing accessories before offering a small test.,Do not infer existing retail or independent ownership from category alone.,Database triage + limited official-site contact scan; not fully qualified,Profile / recent activity not verified,551,PSY Spa USA,active,"https://www.psyspausa.com/
https://www.psyspausa.com/contact
https://www.psyspausa.com/about-us-1
https://www.psyspausa.com/about-us",2026-10-05,Not contacted,,Ask the spa manager whether cotton sauna hats complement current bathing accessories before offering a small test.
61,Long tail,Low,Pearl Spa & Sauna,San Francisco,California,United States,https://pearlspasf.com,https://www.instagram.com/pearlspasf/,Korean Spa,Korean Spa (database classification; heater type unverified),1 database locations; total brand locations unknown,Unknown; not manually verified for this lower-priority account,Unknown; not manually verified for this lower-priority account,Not publicly identified in reviewed material,Ask for owner / manager / retail buyer,pearlspasf@gmail.com,https://www.pearlspasf.com/,https://pearlspasf.com,3,3,3,Not established,"Pearl Spa & Sauna is a database-listed Korean spa, giving a cotton bathing accessory a cultural fit; a current retail buyer and repeat-user channel still need qualification.",Ask for product feedback,Ask the spa manager whether cotton sauna hats complement current bathing accessories before offering a small test.,Do not infer existing retail or independent ownership from category alone.,Database triage + limited official-site contact scan; not fully qualified,Official-site profile link found; audience size and recent engagement not measured,58,Pearl Spa & Sauna,active,https://www.pearlspasf.com/,2026-10-05,Not contacted,,Ask the spa manager whether cotton sauna hats complement current bathing accessories before offering a small test.
62,Long tail,Low,Sky Spa Sauna,Buffalo Grove,Illinois,United States,https://skyspasauna.com/,https://www.instagram.com/skyspasauna/,Russian Banya,Russian Banya (database classification; heater type unverified),1 database locations; total brand locations unknown,Unknown; not manually verified for this lower-priority account,Unknown; not manually verified for this lower-priority account,Not publicly identified in reviewed material,Ask for owner / manager / retail buyer,info@skyspasauna.com,https://skyspasauna.com/,https://skyspasauna.com/contact/,3,3,3,Not established,Sky Spa Sauna has a database-listed traditional sauna/banya offering where hats may be familiar; retail readiness and decision-maker access remain unqualified.,Ask for product feedback,Offer the operator a material-comparison sample and ask about existing guest accessory sales.,"Confirm current operation, hat supplier and local buying authority.",Database triage + limited official-site contact scan; not fully qualified,Official-site profile link found; audience size and recent engagement not measured,635,Sky Spa Sauna,active,"https://skyspasauna.com/
https://skyspasauna.com/contact/
https://skyspasauna.com/about/",2026-10-05,Not contacted,,Offer the operator a material-comparison sample and ask about existing guest accessory sales.
63,Long tail,Low,Spa Palace,Los Angeles,California,United States,https://spapalacela.com,https://www.instagram.com/spapalace.la,Korean Spa,Korean Spa (database classification; heater type unverified),1 database locations; total brand locations unknown,Unknown; not manually verified for this lower-priority account,Unknown; not manually verified for this lower-priority account,Not publicly identified in reviewed material,Ask for owner / manager / retail buyer,info@spapalacela.com,https://spapalacela.com/laspa/,https://spapalacela.com/laspa/contact-us/,3,3,3,Not established,"Spa Palace is a database-listed Korean spa, giving a cotton bathing accessory a cultural fit; a current retail buyer and repeat-user channel still need qualification.",Ask for product feedback,Ask the spa manager whether cotton sauna hats complement current bathing accessories before offering a small test.,Do not infer existing retail or independent ownership from category alone.,Database triage + limited official-site contact scan; not fully qualified,Official-site profile link found; audience size and recent engagement not measured,649,Spa Palace,active,"https://spapalacela.com/laspa/
https://spapalacela.com/laspa/contact-us/
https://spapalacela.com/laspa/about-us/",2026-10-05,Not contacted,,Ask the spa manager whether cotton sauna hats complement current bathing accessories before offering a small test.
64,Long tail,Low,St. Croix Sauna,Stillwater,Minnesota,United States,https://www.stcroixsauna.com/,https://www.instagram.com/stcroixsauna/,Sauna builder / rental operator,Boutique Sauna (database classification; heater type unverified),1 database location; service area and units not counted as stores,Custom sauna builds and rentals confirmed; accessory retail unknown,Unknown; not manually verified for this lower-priority account,Not publicly identified in reviewed material,Ask for owner / manager / retail buyer,info@stcroixsauna.com,https://www.stcroixsauna.com/,https://www.stcroixsauna.com/contact,3,3,3,Not established,"St. Croix Sauna combines sauna expertise with equipment/rental or showroom activity, making accessory bundles possible but different from a bathhouse retail account.",Ask for product feedback,"Ask whether a cotton hat could accompany a sauna rental, build handover or showroom event.","Check competing hat stock, dealer economics and whether public sessions are recurring.",Database triage + limited official-site contact scan; not fully qualified,Official-site profile link found; audience size and recent engagement not measured,901,St. Croix Sauna,active,"https://www.stcroixsauna.com/
https://www.stcroixsauna.com/contact",2026-10-05,Not contacted,,"Ask whether a cotton hat could accompany a sauna rental, build handover or showroom event."
65,Long tail,Low,The Yard at Superior Sauna & Steam,Minneapolis,Minnesota,United States,https://superiorsaunas.com/pages/events,https://www.instagram.com/superiorsaunas/,Finnish Sauna / Nordic Spa,Finnish Sauna / Nordic Spa (database classification; heater type unverified),1 database locations; total brand locations unknown,Unknown; not manually verified for this lower-priority account,Unknown; not manually verified for this lower-priority account,Not publicly identified in reviewed material,Ask for owner / manager / retail buyer,info@superiorsaunas.com,https://superiorsaunas.com/pages/contact-us,https://superiorsaunas.com/pages/contact-us,3,3,3,Not established,"The Yard at Superior Sauna & Steam combines sauna expertise with equipment/rental or showroom activity, making accessory bundles possible but different from a bathhouse retail account.",Ask for product feedback,"Ask whether a cotton hat could accompany a sauna rental, build handover or showroom event.","Check competing hat stock, dealer economics and whether public sessions are recurring.",Database triage + limited official-site contact scan; not fully qualified,Official-site profile link found; audience size and recent engagement not measured,669,The Yard at Superior Sauna & Steam,active,"https://superiorsaunas.com/pages/events
https://superiorsaunas.com/pages/contact-us
https://superiorsaunas.com/collections/contactors
https://superiorsaunas.com/pages/about
https://superiorsaunas.com/products/the-yard-monthly-community-steam-pass",2026-10-05,Not contacted,,"Ask whether a cotton hat could accompany a sauna rental, build handover or showroom event."
66,Long tail,Low,Wall Street Bath & Spa,New York City,New York,United States,http://www.spa88.com/,https://www.instagram.com/wallstreetbath/,Russian Banya,Russian Banya (database classification; heater type unverified),1 database locations; total brand locations unknown,Unknown; not manually verified for this lower-priority account,Unknown; not manually verified for this lower-priority account,Not publicly identified in reviewed material,Ask for owner / manager / retail buyer,wallstreetbathandspa@gmail.com,https://spa88.com/about,https://spa88.com/contacts,3,3,3,Not established,Wall Street Bath & Spa has a database-listed traditional sauna/banya offering where hats may be familiar; retail readiness and decision-maker access remain unqualified.,Ask for product feedback,Offer the operator a material-comparison sample and ask about existing guest accessory sales.,"Confirm current operation, hat supplier and local buying authority.",Database triage + limited official-site contact scan; not fully qualified,Official-site profile link found; audience size and recent engagement not measured,18,Wall Street Bath & Spa,active,"http://www.spa88.com/
https://spa88.com/contacts
http://www.spa88.com/contacts
https://spa88.com/about
http://www.spa88.com/about",2026-10-05,Not contacted,,Offer the operator a material-comparison sample and ask about existing guest accessory sales.
67,Long tail,Low,Wi Spa,Los Angeles,California,United States,https://wispausa.com,https://www.instagram.com/wispa_usa/,Korean Spa,Korean Spa (database classification; heater type unverified),1 database locations; total brand locations unknown,Unknown; not manually verified for this lower-priority account,Unknown; not manually verified for this lower-priority account,Not publicly identified in reviewed material,Ask for owner / manager / retail buyer,info@wispausa.com,https://wispausa.com,https://wispausa.com/contact/,3,3,3,Not established,"Wi Spa is a database-listed Korean spa, giving a cotton bathing accessory a cultural fit; a current retail buyer and repeat-user channel still need qualification.",Ask for product feedback,Ask the spa manager whether cotton sauna hats complement current bathing accessories before offering a small test.,Do not infer existing retail or independent ownership from category alone.,Database triage + limited official-site contact scan; not fully qualified,Official-site profile link found; audience size and recent engagement not measured,648,Wi Spa,active,"https://wispausa.com
https://wispausa.com/contact/
https://wispausa.com/about-wi-spa/
https://wispausa.com/shop/",2026-10-05,Not contacted,,Ask the spa manager whether cotton sauna hats complement current bathing accessories before offering a small test.
68,Long tail,Low,Albany Sauna & Hot Tubs,Albany,California,United States,https://www.albanysauna.com/,Not verified,Finnish Sauna,Finnish Sauna (database classification; heater type unverified),1 database locations; total brand locations unknown,Unknown; not manually verified for this lower-priority account,Unknown; not manually verified for this lower-priority account,Not publicly identified in reviewed material,Ask for owner / manager / retail buyer,Not found,Not found,https://www.albanysauna.com/,3,3,2,Not established,Albany Sauna & Hot Tubs has a database-listed traditional sauna/banya offering where hats may be familiar; retail readiness and decision-maker access remain unqualified.,Ask for product feedback,Offer the operator a material-comparison sample and ask about existing guest accessory sales.,"Confirm current operation, hat supplier and local buying authority.",Database triage + limited official-site contact scan; not fully qualified,Profile / recent activity not verified,547,Albany Sauna & Hot Tubs,active,https://www.albanysauna.com/,2026-10-05,Not contacted,,Offer the operator a material-comparison sample and ask about existing guest accessory sales.
69,Long tail,Low,Aroma Spa & Sports,Los Angeles,California,United States,https://aromaresort.com,https://www.instagram.com/aromaspasports/,Korean Spa,Korean Spa (database classification; heater type unverified),1 database locations; total brand locations unknown,Unknown; not manually verified for this lower-priority account,Unknown; not manually verified for this lower-priority account,Not publicly identified in reviewed material,Ask for owner / manager / retail buyer,Not found,Not found,https://aromaresort.com,3,3,2,Not established,"Aroma Spa & Sports is a database-listed Korean spa, giving a cotton bathing accessory a cultural fit; a current retail buyer and repeat-user channel still need qualification.",Ask for product feedback,Ask the spa manager whether cotton sauna hats complement current bathing accessories before offering a small test.,Do not infer existing retail or independent ownership from category alone.,Database triage + limited official-site contact scan; not fully qualified,Official-site profile link found; audience size and recent engagement not measured,653,Aroma Spa & Sports,active,"https://www.aromaresort.com/
https://www.aromaresort.com/about/
https://www.aromaresort.com/one-year-membership-sale-kor-2/
https://www.aromaresort.com/one-year-membership-sale-eng/
https://www.aromaresort.com/one-year-membership-sale-2026-final/",2026-10-05,Not contacted,,Ask the spa manager whether cotton sauna hats complement current bathing accessories before offering a small test.
70,Long tail,Low,Daengki Spa,Los Angeles,California,United States,https://daengkispa.com,Not verified,Korean Spa,Korean Spa (database classification; heater type unverified),1 database locations; total brand locations unknown,Unknown; not manually verified for this lower-priority account,Unknown; not manually verified for this lower-priority account,Not publicly identified in reviewed material,Ask for owner / manager / retail buyer,Not found,Not found,https://www.daengkispa.com/pages/contact/,3,3,2,Not established,"Daengki Spa is a database-listed Korean spa, giving a cotton bathing accessory a cultural fit; a current retail buyer and repeat-user channel still need qualification.",Ask for product feedback,Ask the spa manager whether cotton sauna hats complement current bathing accessories before offering a small test.,Do not infer existing retail or independent ownership from category alone.,Database triage + limited official-site contact scan; not fully qualified,Profile / recent activity not verified,655,Daengki Spa,active,"https://www.daengkispa.com/
https://www.daengkispa.com/pages/contact/",2026-10-05,Not contacted,,Ask the spa manager whether cotton sauna hats complement current bathing accessories before offering a small test.
71,Long tail,Low,Havana Health Sauna,Aurora,Colorado,United States,https://www.havanahealthsauna.com/,Not verified,Korean Spa,Korean Spa (database classification; heater type unverified),1 database locations; total brand locations unknown,Unknown; not manually verified for this lower-priority account,Unknown; not manually verified for this lower-priority account,Not publicly identified in reviewed material,Ask for owner / manager / retail buyer,Not found,Not found,https://www.havanahealthsauna.com/,3,3,2,Not established,"Havana Health Sauna is a database-listed Korean spa, giving a cotton bathing accessory a cultural fit; a current retail buyer and repeat-user channel still need qualification.",Ask for product feedback,Ask the spa manager whether cotton sauna hats complement current bathing accessories before offering a small test.,Do not infer existing retail or independent ownership from category alone.,Database triage + limited official-site contact scan; not fully qualified,Profile / recent activity not verified,694,Havana Health Sauna,active,https://www.havanahealthsauna.com/,2026-10-05,Not contacted,,Ask the spa manager whether cotton sauna hats complement current bathing accessories before offering a small test.
72,Long tail,Low,Island Spa & Sauna,Edison,New Jersey,United States,http://www.islandspasauna.com/,https://www.instagram.com/islandspasauna/,Korean Spa,Korean Spa (database classification; heater type unverified),1 database locations; total brand locations unknown,Unknown; not manually verified for this lower-priority account,Unknown; not manually verified for this lower-priority account,Not publicly identified in reviewed material,Ask for owner / manager / retail buyer,Not found,Not found,http://www.islandspasauna.com/,3,3,2,Not established,"Island Spa & Sauna is a database-listed Korean spa, giving a cotton bathing accessory a cultural fit; a current retail buyer and repeat-user channel still need qualification.",Ask for product feedback,Ask the spa manager whether cotton sauna hats complement current bathing accessories before offering a small test.,Do not infer existing retail or independent ownership from category alone.,Database triage + limited official-site contact scan; not fully qualified,Official-site profile link found; audience size and recent engagement not measured,52,Island Spa & Sauna,active,"https://www.islandspasauna.com/
https://www.islandspasauna.com/shop
https://www.islandspasauna.com/admissions-shop",2026-10-05,Not contacted,,Ask the spa manager whether cotton sauna hats complement current bathing accessories before offering a small test.
73,Long tail,Low,King Spa & Sauna,Niles,Illinois,United States,https://www.kingspa.com/chicago/,Not verified,Korean Spa,Korean Spa (database classification; heater type unverified),1 database locations; total brand locations unknown,Unknown; not manually verified for this lower-priority account,Unknown; not manually verified for this lower-priority account,Not publicly identified in reviewed material,Ask for owner / manager / retail buyer,Not found,Not found,https://www.kingspa.com/chicago/,3,3,2,Not established,"King Spa & Sauna is a database-listed Korean spa, giving a cotton bathing accessory a cultural fit; a current retail buyer and repeat-user channel still need qualification.",Ask for product feedback,Ask the spa manager whether cotton sauna hats complement current bathing accessories before offering a small test.,Do not infer existing retail or independent ownership from category alone. Website retrieval failed or returned no readable evidence; this is not proof of closure.,Database triage + limited official-site contact scan; not fully qualified,Profile / recent activity not verified,633,King Spa & Sauna,active,,2026-10-05,Not contacted,,Ask the spa manager whether cotton sauna hats complement current bathing accessories before offering a small test.
74,Long tail,Low,Mermaid Spa,New York City (Brooklyn),New York,United States,http://www.mermaidspa.us/,Not verified,Russian Banya,Russian Banya (database classification; heater type unverified),1 database locations; total brand locations unknown,Unknown; not manually verified for this lower-priority account,Unknown; not manually verified for this lower-priority account,Not publicly identified in reviewed material,Ask for owner / manager / retail buyer,Not found,Not found,http://www.mermaidspa.us/,3,3,2,Not established,Mermaid Spa has a database-listed traditional sauna/banya offering where hats may be familiar; retail readiness and decision-maker access remain unqualified.,Ask for product feedback,Offer the operator a material-comparison sample and ask about existing guest accessory sales.,"Confirm current operation, hat supplier and local buying authority.",Database triage + limited official-site contact scan; not fully qualified,Profile / recent activity not verified,46,Mermaid Spa,active,https://mermaidspa.us/?v=7516fd43adaa,2026-10-05,Not contacted,,Offer the operator a material-comparison sample and ask about existing guest accessory sales.
75,Long tail,Low,New York Spa & Sauna,Flushing,New York,United States,http://www.nyspasauna.com/,Not verified,Korean Spa,Korean Spa (database classification; heater type unverified),1 database locations; total brand locations unknown,Unknown; not manually verified for this lower-priority account,Unknown; not manually verified for this lower-priority account,Not publicly identified in reviewed material,Ask for owner / manager / retail buyer,Not found,Not found,http://www.nyspasauna.com/contact,3,3,2,Not established,"New York Spa & Sauna is a database-listed Korean spa, giving a cotton bathing accessory a cultural fit; a current retail buyer and repeat-user channel still need qualification.",Ask for product feedback,Ask the spa manager whether cotton sauna hats complement current bathing accessories before offering a small test.,Do not infer existing retail or independent ownership from category alone.,Database triage + limited official-site contact scan; not fully qualified,Profile / recent activity not verified,48,New York Spa & Sauna,active,"http://www.nyspasauna.com/
http://www.nyspasauna.com/contact
http://www.nyspasauna.com/about",2026-10-05,Not contacted,,Ask the spa manager whether cotton sauna hats complement current bathing accessories before offering a small test.
76,Long tail,Low,Queen Spa & Sauna,Los Angeles,California,United States,https://queenspala.com,Not verified,Korean Spa,Korean Spa (database classification; heater type unverified),1 database locations; total brand locations unknown,Unknown; not manually verified for this lower-priority account,Unknown; not manually verified for this lower-priority account,Not publicly identified in reviewed material,Ask for owner / manager / retail buyer,Not found,Not found,https://www.queenspala.com/contact-us/,3,3,2,Not established,"Queen Spa & Sauna is a database-listed Korean spa, giving a cotton bathing accessory a cultural fit; a current retail buyer and repeat-user channel still need qualification.",Ask for product feedback,Ask the spa manager whether cotton sauna hats complement current bathing accessories before offering a small test.,Do not infer existing retail or independent ownership from category alone.,Database triage + limited official-site contact scan; not fully qualified,Profile / recent activity not verified,656,Queen Spa & Sauna,active,"https://www.queenspala.com/
https://www.queenspala.com/contact-us/",2026-10-05,Not contacted,,Ask the spa manager whether cotton sauna hats complement current bathing accessories before offering a small test.
77,Long tail,Low,Relaxing Healthy Center,Bloomington,Minnesota,United States,https://www.relaxinghealthy.center,Not verified,Korean Spa / Day Spa,Korean Spa / Day Spa (database classification; heater type unverified),1 database locations; total brand locations unknown,Unknown; not manually verified for this lower-priority account,Unknown; not manually verified for this lower-priority account,Not publicly identified in reviewed material,Ask for owner / manager / retail buyer,Not found,Not found,https://www.relaxinghealthy.center,3,3,2,Not established,"Relaxing Healthy Center is a database-listed Korean spa, giving a cotton bathing accessory a cultural fit; a current retail buyer and repeat-user channel still need qualification.",Ask for product feedback,Ask the spa manager whether cotton sauna hats complement current bathing accessories before offering a small test.,Do not infer existing retail or independent ownership from category alone.,Database triage + limited official-site contact scan; not fully qualified,Profile / recent activity not verified,671,Relaxing Healthy Center,active,https://www.relaxinghealthy.center,2026-10-05,Not contacted,,Ask the spa manager whether cotton sauna hats complement current bathing accessories before offering a small test.
78,Long tail,Low,Riviera Health Spa,Torrance,California,United States,https://rivierakoreanspa.com,https://www.instagram.com/rivierahealthspa/,Korean Spa,Korean Spa (database classification; heater type unverified),1 database locations; total brand locations unknown,Unknown; not manually verified for this lower-priority account,Unknown; not manually verified for this lower-priority account,Not publicly identified in reviewed material,Ask for owner / manager / retail buyer,Not found,Not found,https://rivierakoreanspa.com,3,3,2,Not established,"Riviera Health Spa is a database-listed Korean spa, giving a cotton bathing accessory a cultural fit; a current retail buyer and repeat-user channel still need qualification.",Ask for product feedback,Ask the spa manager whether cotton sauna hats complement current bathing accessories before offering a small test.,Do not infer existing retail or independent ownership from category alone.,Database triage + limited official-site contact scan; not fully qualified,Official-site profile link found; audience size and recent engagement not measured,660,Riviera Health Spa,active,https://www.rivierakoreanspa.com/,2026-10-05,Not contacted,,Ask the spa manager whether cotton sauna hats complement current bathing accessories before offering a small test.
79,Long tail,Low,SoJo Spa Club,Edgewater,New Jersey,United States,http://www.sojospaclub.com/,https://www.instagram.com/sojospaclub/,Korean Spa,Korean Spa (database classification; heater type unverified),1 database locations; total brand locations unknown,Unknown; not manually verified for this lower-priority account,Unknown; not manually verified for this lower-priority account,Not publicly identified in reviewed material,Ask for owner / manager / retail buyer,Not found,Not found,https://sojospaclub.com/contact/,3,3,2,Not established,"SoJo Spa Club is a database-listed Korean spa, giving a cotton bathing accessory a cultural fit; a current retail buyer and repeat-user channel still need qualification.",Ask for product feedback,Ask the spa manager whether cotton sauna hats complement current bathing accessories before offering a small test.,Do not infer existing retail or independent ownership from category alone.,Database triage + limited official-site contact scan; not fully qualified,Official-site profile link found; audience size and recent engagement not measured,12,SoJo Spa Club,active,"https://sojospaclub.com/
https://sojospaclub.com/contact/
https://sojospaclub.com/about/press/
https://sojospaclub.com/about/faq/
https://sojospaclub.com/about/",2026-10-05,Not contacted,,Ask the spa manager whether cotton sauna hats complement current bathing accessories before offering a small test.
80,Long tail,Low,Spa Castle,College Point,New York,United States,https://ny.spacastleusa.com/,https://www.instagram.com/spacastlenewyork/,Korean Spa,Korean Spa (database classification; heater type unverified),1 database locations; total brand locations unknown,Unknown; not manually verified for this lower-priority account,Unknown; not manually verified for this lower-priority account,Not publicly identified in reviewed material,Ask for owner / manager / retail buyer,Not found,Not found,https://ny.spacastleusa.com/contact/,3,3,2,Not established,"Spa Castle is a database-listed Korean spa, giving a cotton bathing accessory a cultural fit; a current retail buyer and repeat-user channel still need qualification.",Ask for product feedback,Ask the spa manager whether cotton sauna hats complement current bathing accessories before offering a small test.,Do not infer existing retail or independent ownership from category alone.,Database triage + limited official-site contact scan; not fully qualified,Official-site profile link found; audience size and recent engagement not measured,4,Spa Castle,active,"https://ny.spacastleusa.com/
https://ny.spacastleusa.com/contact/
https://ny.spacastleusa.com/about/
https://ny.spacastleusa.com/membership/",2026-10-05,Not contacted,,Ask the spa manager whether cotton sauna hats complement current bathing accessories before offering a small test.
81,Long tail,Low,The SPA Club,New York City,New York,United States,https://thespaclub.com/,http://instagram.com/the.spa.club,Korean Spa,Korean Spa (database classification; heater type unverified),1 database locations; total brand locations unknown,Unknown; not manually verified for this lower-priority account,Unknown; not manually verified for this lower-priority account,Not publicly identified in reviewed material,Ask for owner / manager / retail buyer,Not found,Not found,https://thespaclub.com/,3,3,2,Not established,"The SPA Club is a database-listed Korean spa, giving a cotton bathing accessory a cultural fit; a current retail buyer and repeat-user channel still need qualification.",Ask for product feedback,Ask the spa manager whether cotton sauna hats complement current bathing accessories before offering a small test.,Do not infer existing retail or independent ownership from category alone.,Database triage + limited official-site contact scan; not fully qualified,Official-site profile link found; audience size and recent engagement not measured,6,The SPA Club,active,https://thespaclub.com/,2026-10-05,Not contacted,,Ask the spa manager whether cotton sauna hats complement current bathing accessories before offering a small test.
82,Long tail,Low,Hatu Plunge Spa,Heber City,Utah,United States,http://hatuspa.com/,Not verified,Family-run contrast / recovery spa,Community sauna; private infrared; cold plunge,1 database locations; total brand locations unknown,Unknown; not manually verified for this lower-priority account,Memberships and communal/private sessions confirmed,Not publicly identified in reviewed material,Ask for owner / manager / retail buyer,hatu@hatuspa.com,https://www.hatuspa.com/,https://www.hatuspa.com/contact,2,3,3,Not established,"Family-run recovery and repeat memberships offer later sampling potential; sauna type, community scale and merchandise buying need a deeper review.",Ask for product feedback,Use the public contact route to ask whether a sauna accessory trial would be relevant.,Limited qualification; inspect current sauna prominence and product-selling capability first.,Database triage + limited official-site contact scan; not fully qualified,Profile / recent activity not verified,932,Hatu Plunge Spa,active,"https://www.hatuspa.com/
https://www.hatuspa.com/contact
https://www.hatuspa.com/about",2026-10-05,Not contacted,,Use the public contact route to ask whether a sauna accessory trial would be relevant.
83,Long tail,Low,Koti Sauna,Milwaukie,Oregon,United States,https://www.kotisauna.com,https://www.instagram.com/kotisaunapdx/,Finnish Sauna / Nordic Spa,Outdoor Finnish sauna; cold plunge,1 publicly bookable residential backyard sauna in Milwaukie,Unknown; not manually verified for this lower-priority account,Public sauna bookings and community events; membership unverified,Kristina and Nick (surnames not verified),Founders / owners,hello@kotisauna.com,https://www.kotisauna.com,https://www.kotisauna.com,2,3,3,Close small-operator analogue; lower priority for residential setting,"Finnish-rooted founders and garden sauna events fit a personal relationship, but a residential-scale operation is a weaker wholesale prospect.",Ask for product feedback,Offer one operator sample for feedback if there is a personal connection; avoid a stock commitment.,"Public-facing business, not an apartment amenity; still deprioritized for residential setting and small capacity.",Database triage + limited official-site contact scan; not fully qualified,Official-site profile link found; audience size and recent engagement not measured,684,Koti Sauna,active,"https://www.kotisauna.com
https://www.kotisauna.com/our-story
https://www.kotisauna.com/events",2026-10-05,Not contacted,,Offer one operator sample for feedback if there is a personal connection; avoid a stock commitment.
84,Long tail,Low,Haven Forest Sauna,Portland,Oregon,United States,http://forestsaunapdx.com,https://www.instagram.com/forestsaunapdx,Russian Banya / Boutique Sauna,Russian Banya / Boutique Sauna (database classification; heater type unverified),1 database locations; total brand locations unknown,Unknown; not manually verified for this lower-priority account,Unknown; not manually verified for this lower-priority account,Not publicly identified in reviewed material,Ask for owner / manager / retail buyer,Not found,Not found,http://forestsaunapdx.com,2,3,2,Small independent analogue; residential-setting exception,"Haven Forest Sauna offers publicly bookable small-scale sauna, but its home/backyard setting limits the retail scale requested.",Ask for product feedback,Offer one operator sample for feedback if there is a personal connection; avoid a stock commitment.,"Public-facing business, not an apartment amenity; still deprioritized for residential setting and small capacity.",Database triage + limited official-site contact scan; not fully qualified,Official-site profile link found; audience size and recent engagement not measured,681,Haven Forest Sauna,active,http://forestsaunapdx.com,2026-10-05,Not contacted,,Offer one operator sample for feedback if there is a personal connection; avoid a stock commitment.
85,Long tail,Low,Uptown Sauna House,Vancouver,Washington,United States,https://www.uptownsaunahouse.com/,https://instagram.com/uptownsaunahouse,Boutique Sauna,Boutique Sauna (database classification; heater type unverified),"1 home-based public sauna in Vancouver, Washington",Unknown; not manually verified for this lower-priority account,Public/private appointment sessions; four-person capacity,Rebekah and Paul Crawford,Owners / operators,Not found,Not found,https://www.uptownsaunahouse.com/,2,3,2,Small independent analogue; residential-setting limitation,"Uptown Sauna House offers publicly bookable small-scale sauna, but its home/backyard setting limits the retail scale requested.",Ask for product feedback,Offer one operator sample for feedback if there is a personal connection; avoid a stock commitment.,"Public-facing business, not an apartment amenity; still deprioritized for residential setting and small capacity.",Database triage + limited official-site contact scan; not fully qualified,Official-site profile link found; audience size and recent engagement not measured,808,Uptown Sauna House,active,https://www.uptownsaunahouse.com/,2026-10-05,Not contacted,,Offer one operator sample for feedback if there is a personal connection; avoid a stock commitment.
86,Long tail,Low,Aurora Spa,Minneapolis,Minnesota,United States,https://www.auroraspaonline.com,http://instagram.com/auroraspampls,Infrared Sauna / Day Spa,Infrared Sauna / Day Spa (database classification; heater type unverified),1 database locations; total brand locations unknown,Unknown; not manually verified for this lower-priority account,Unknown; not manually verified for this lower-priority account,Not publicly identified in reviewed material,Ask for owner / manager / retail buyer,info@auroraspaonline.com,https://www.auroraspaonline.com/contact,https://www.auroraspaonline.com/contact,2,2,3,Not established,"Aurora Spa reaches recovery customers, but its database-listed infrared focus is less aligned with the traditional high-heat sauna relationship brief.",Ask for product feedback,Ask the owner whether sauna accessories are requested; offer a sample only if there is clear interest.,"Community, physical retail and non-infrared sauna offering require qualification.",Database triage + limited official-site contact scan; not fully qualified,Official-site profile link found; audience size and recent engagement not measured,672,Aurora Spa,active,"https://www.auroraspaonline.com
https://www.auroraspaonline.com/contact",2026-10-05,Not contacted,,Ask the owner whether sauna accessories are requested; offer a sample only if there is clear interest.
87,Long tail,Low,Blissful Waters Float & Wellness Center,The Woodlands,Texas,United States,https://blissfulwatersfloat.com/,https://www.instagram.com/blissfulwatersfloattx/,Float Spa,Float Spa (database classification; heater type unverified),1 database locations; total brand locations unknown,Unknown; not manually verified for this lower-priority account,Unknown; not manually verified for this lower-priority account,Not publicly identified in reviewed material,Ask for owner / manager / retail buyer,info@blissfulwatersfloat.com,https://blissfulwatersfloat.com/,https://blissfulwatersfloat.com/contact/,2,2,3,Not established,"Blissful Waters Float & Wellness Center has a sauna/wellness listing, but available evidence does not yet establish the combination of sauna focus, repeat community and accessible retail buying needed for earlier outreach.",Ask for product feedback,Use the public contact route to ask whether a sauna accessory trial would be relevant.,Limited qualification; inspect current sauna prominence and product-selling capability first.,Database triage + limited official-site contact scan; not fully qualified,Official-site profile link found; audience size and recent engagement not measured,756,Blissful Waters Float & Wellness Center,active,"https://blissfulwatersfloat.com/
https://blissfulwatersfloat.com/contact/
https://blissfulwatersfloat.com/about/",2026-10-05,Not contacted,,Use the public contact route to ask whether a sauna accessory trial would be relevant.
88,Long tail,Low,Burbank Infrared Sauna,Burbank,California,United States,http://burbankinfraredsauna.com/,https://www.instagram.com/burbankinfraredsauna/,Infrared Sauna,Infrared Sauna (database classification; heater type unverified),1 database locations; total brand locations unknown,Unknown; not manually verified for this lower-priority account,Unknown; not manually verified for this lower-priority account,Not publicly identified in reviewed material,Ask for owner / manager / retail buyer,burbankinfraredsauna@yahoo.com,https://www.burbankinfraredsauna.com/,http://burbankinfraredsauna.com/,2,2,3,Not established,"Burbank Infrared Sauna reaches recovery customers, but its database-listed infrared focus is less aligned with the traditional high-heat sauna relationship brief.",Ask for product feedback,Ask the owner whether sauna accessories are requested; offer a sample only if there is clear interest.,"Community, physical retail and non-infrared sauna offering require qualification.",Database triage + limited official-site contact scan; not fully qualified,Official-site profile link found; audience size and recent engagement not measured,880,Burbank Infrared Sauna,active,https://www.burbankinfraredsauna.com/,2026-10-05,Not contacted,,Ask the owner whether sauna accessories are requested; offer a sample only if there is clear interest.
89,Long tail,Low,Chuan Spa at The Langham,Chicago,Illinois,United States,https://www.langhamhotels.com/en/the-langham/chicago/wellness/chuan-spa/,https://www.instagram.com/LanghamChicago/,Hotel Spa / Day Spa,Hotel Spa / Day Spa (database classification; heater type unverified),1 database locations; total brand locations unknown,Unknown; not manually verified for this lower-priority account,Unknown; not manually verified for this lower-priority account,Not publicly identified in reviewed material,Ask for owner / manager / retail buyer,tlchi.info@langhamhotels.com,https://www.langhamhotels.com/en/the-langham/chicago/wellness/chuan-spa/,https://www.langhamhotels.com/en/the-langham/chicago/contact-us/,2,2,3,Not established,"Chuan Spa at The Langham has a sauna/wellness listing, but available evidence does not yet establish the combination of sauna focus, repeat community and accessible retail buying needed for earlier outreach.",Ask for product feedback,Use the public contact route to ask whether a sauna accessory trial would be relevant.,Limited qualification; inspect current sauna prominence and product-selling capability first.,Database triage + limited official-site contact scan; not fully qualified,Official-site profile link found; audience size and recent engagement not measured,647,Chuan Spa at The Langham,active,"https://www.langhamhotels.com/en/the-langham/chicago/wellness/chuan-spa/
https://www.langhamhotels.com/en/the-langham/chicago/contact-us/
https://www.langhamhotels.com/en/the-langham/chicago/events/weddings/
https://www.langhamhotels.com/en/the-langham/chicago/events/meetings/
https://www.langhamhotels.com/en/the-langham/chicago/events/",2026-10-05,Not contacted,,Use the public contact route to ask whether a sauna accessory trial would be relevant.
90,Long tail,Low,Denver Sports Recovery,Denver,Colorado,United States,https://www.denversportsrecovery.com/,https://www.instagram.com/denversportsrecovery,Day Spa,Day Spa (database classification; heater type unverified),1 database locations; total brand locations unknown,Unknown; not manually verified for this lower-priority account,Unknown; not manually verified for this lower-priority account,Not publicly identified in reviewed material,Ask for owner / manager / retail buyer,info@denversportsrecovery.com,https://denversportsrecovery.com/,https://www.denversportsrecovery.com/,2,2,3,Not established,"Denver Sports Recovery has a sauna/wellness listing, but available evidence does not yet establish the combination of sauna focus, repeat community and accessible retail buying needed for earlier outreach.",Ask for product feedback,Use the public contact route to ask whether a sauna accessory trial would be relevant.,Limited qualification; inspect current sauna prominence and product-selling capability first.,Database triage + limited official-site contact scan; not fully qualified,Official-site profile link found; audience size and recent engagement not measured,695,Denver Sports Recovery,active,https://denversportsrecovery.com/,2026-10-05,Not contacted,,Use the public contact route to ask whether a sauna accessory trial would be relevant.
91,Long tail,Low,Elev8 Infrared Sauna Studio,Los Angeles,California,United States,https://www.elev8infrared.com/,https://www.instagram.com/elev8.losangeles,Infrared Sauna,Infrared Sauna (database classification; heater type unverified),1 database locations; total brand locations unknown,Unknown; not manually verified for this lower-priority account,Unknown; not manually verified for this lower-priority account,Not publicly identified in reviewed material,Ask for owner / manager / retail buyer,elev8infrared@gmail.com,https://elev8infrared.com/,https://www.elev8infrared.com/,2,2,3,Not established,"Elev8 Infrared Sauna Studio reaches recovery customers, but its database-listed infrared focus is less aligned with the traditional high-heat sauna relationship brief.",Ask for product feedback,Ask the owner whether sauna accessories are requested; offer a sample only if there is clear interest.,"Community, physical retail and non-infrared sauna offering require qualification.",Database triage + limited official-site contact scan; not fully qualified,Official-site profile link found; audience size and recent engagement not measured,881,Elev8 Infrared Sauna Studio,active,https://elev8infrared.com/,2026-10-05,Not contacted,,Ask the owner whether sauna accessories are requested; offer a sample only if there is clear interest.
92,Long tail,Low,Float House Vancouver,Vancouver,British Columbia,Canada,http://www.floathouse.ca/,Not verified,Infrared Sauna / Float Spa,Infrared Sauna / Float Spa (database classification; heater type unverified),1 database locations; total brand locations unknown,Unknown; not manually verified for this lower-priority account,Unknown; not manually verified for this lower-priority account,Not publicly identified in reviewed material,Ask for owner / manager / retail buyer,info@floathouse.ca,https://floathouse.ca/,https://floathouse.ca/contact,2,2,3,Not established,"Float House Vancouver reaches recovery customers, but its database-listed infrared focus is less aligned with the traditional high-heat sauna relationship brief.",Ask for product feedback,Ask the owner whether sauna accessories are requested; offer a sample only if there is clear interest.,"Community, physical retail and non-infrared sauna offering require qualification.",Database triage + limited official-site contact scan; not fully qualified,Profile / recent activity not verified,780,Float House Vancouver,active,"https://floathouse.ca/
https://floathouse.ca/contact
https://floathouse.ca/about",2026-10-05,Not contacted,,Ask the owner whether sauna accessories are requested; offer a sample only if there is clear interest.
93,Long tail,Low,Float Seattle,Seattle; Renton; Bellevue,Washington,United States,http://www.floatseattle.com/,http://www.instagram.com/floatseattle,Float Spa,Float Spa (database classification; heater type unverified),5 database locations; total brand locations unknown,Unknown; not manually verified for this lower-priority account,Unknown; not manually verified for this lower-priority account,Not publicly identified in reviewed material,Ask for owner / manager / retail buyer,guide@floatseattle.com,https://www.floatseattle.com/,https://www.floatseattle.com/contact,2,2,3,Not established,"Float Seattle has a sauna/wellness listing, but available evidence does not yet establish the combination of sauna focus, repeat community and accessible retail buying needed for earlier outreach.",Ask for product feedback,Use the public contact route to ask whether a sauna accessory trial would be relevant.,Limited qualification; inspect current sauna prominence and product-selling capability first.,Database triage + limited official-site contact scan; not fully qualified,Official-site profile link found; audience size and recent engagement not measured,586; 588; 602; 603; 604,Float Seattle (South Lake Union); Float Seattle (Renton Landing); Float Seattle (Greenwood); Float Seattle (Greenlake); Float Seattle (Bellevue),active,"https://www.floatseattle.com/
https://www.floatseattle.com/contact
https://www.floatseattle.com/our-story
https://www.floatseattle.com/membership",2026-10-05,Not contacted,,Use the public contact route to ask whether a sauna accessory trial would be relevant.
94,Long tail,Low,Great Jones Spa,New York City,New York,United States,http://www.gjspa.com/,Not verified,Day Spa,Day Spa (database classification; heater type unverified),1 database locations; total brand locations unknown,Unknown; not manually verified for this lower-priority account,Unknown; not manually verified for this lower-priority account,Not publicly identified in reviewed material,Ask for owner / manager / retail buyer,info@gjspa.com,https://gjspa.com/,https://gjspa.com/contact/,2,2,3,Not established,"Great Jones Spa has a sauna/wellness listing, but available evidence does not yet establish the combination of sauna focus, repeat community and accessible retail buying needed for earlier outreach.",Ask for product feedback,Use the public contact route to ask whether a sauna accessory trial would be relevant.,Limited qualification; inspect current sauna prominence and product-selling capability first.,Database triage + limited official-site contact scan; not fully qualified,Profile / recent activity not verified,11,Great Jones Spa,active,"https://gjspa.com/
https://gjspa.com/contact/
https://gjspa.com/about-us/",2026-10-05,Not contacted,,Use the public contact route to ask whether a sauna accessory trial would be relevant.
95,Long tail,Low,Hothouse Spa & Sauna,Seattle,Washington,United States,http://www.hothousespa.com/,Not verified,Boutique Sauna,Boutique Sauna (database classification; heater type unverified),1 database locations; total brand locations unknown,Unknown; not manually verified for this lower-priority account,Unknown; not manually verified for this lower-priority account,Not publicly identified in reviewed material,Ask for owner / manager / retail buyer,admin@hothousespa.com,https://www.hothousespa.com/,https://www.hothousespa.com/contact,2,2,3,Not established,"Hothouse Spa & Sauna has a sauna/wellness listing, but available evidence does not yet establish the combination of sauna focus, repeat community and accessible retail buying needed for earlier outreach.",Ask for product feedback,Use the public contact route to ask whether a sauna accessory trial would be relevant.,Limited qualification; inspect current sauna prominence and product-selling capability first.,Database triage + limited official-site contact scan; not fully qualified,Profile / recent activity not verified,567,Hothouse Spa & Sauna,active,"https://www.hothousespa.com/
https://www.hothousespa.com/contact",2026-10-05,Not contacted,,Use the public contact route to ask whether a sauna accessory trial would be relevant.
96,Long tail,Low,"Love Your Body: ICOONE, Endermologie, Endospheres, Red Light Therapy, Microcurrent, Infrared Sauna",West Hollywood,California,United States,https://loveyourbodystudios.com/,https://www.instagram.com/loveyourbodystudios/,Infrared Sauna,Infrared Sauna (database classification; heater type unverified),1 database locations; total brand locations unknown,Unknown; not manually verified for this lower-priority account,Unknown; not manually verified for this lower-priority account,Not publicly identified in reviewed material,Ask for owner / manager / retail buyer,info@loveyourbodystudios.com,https://loveyourbodystudios.com/,https://loveyourbodystudios.com/,2,2,3,Not established,"Love Your Body: ICOONE, Endermologie, Endospheres, Red Light Therapy, Microcurrent, Infrared Sauna reaches recovery customers, but its database-listed infrared focus is less aligned with the traditional high-heat sauna relationship brief.",Ask for product feedback,Ask the owner whether sauna accessories are requested; offer a sample only if there is clear interest.,"Community, physical retail and non-infrared sauna offering require qualification.",Database triage + limited official-site contact scan; not fully qualified,Official-site profile link found; audience size and recent engagement not measured,883,"Love Your Body: ICOONE, Endermologie, Endospheres, Red Light Therapy, Microcurrent, Infrared Sauna",active,"https://loveyourbodystudios.com/
https://loveyourbodystudios.com/about-us/
https://loveyourbodystudios.com/membership/",2026-10-05,Not contacted,,Ask the owner whether sauna accessories are requested; offer a sample only if there is clear interest.
97,Long tail,Low,Lustre Infrared Sauna Studio,Maple Valley,Washington,United States,https://www.lustreinfraredsauna.com/,https://www.instagram.com/lustresauna/,Infrared Sauna,Infrared Sauna (database classification; heater type unverified),1 database locations; total brand locations unknown,Unknown; not manually verified for this lower-priority account,Unknown; not manually verified for this lower-priority account,Not publicly identified in reviewed material,Ask for owner / manager / retail buyer,info@lustreinfraredsauna.com,https://www.lustreinfraredsauna.com/,https://www.lustreinfraredsauna.com/contact,2,2,3,Not established,"Lustre Infrared Sauna Studio reaches recovery customers, but its database-listed infrared focus is less aligned with the traditional high-heat sauna relationship brief.",Ask for product feedback,Ask the owner whether sauna accessories are requested; offer a sample only if there is clear interest.,"Community, physical retail and non-infrared sauna offering require qualification.",Database triage + limited official-site contact scan; not fully qualified,Official-site profile link found; audience size and recent engagement not measured,624,Lustre Infrared Sauna Studio,active,"https://www.lustreinfraredsauna.com/
https://www.lustreinfraredsauna.com/contact
https://www.lustreinfraredsauna.com/about",2026-10-05,Not contacted,,Ask the owner whether sauna accessories are requested; offer a sample only if there is clear interest.
98,Long tail,Low,Miraj Hammam Spa,Toronto,Ontario,Canada,https://mirajhammamtoronto.com/,https://www.instagram.com/mirajhammamspa/,Hotel Spa,Hotel Spa (database classification; heater type unverified),1 database locations; total brand locations unknown,Unknown; not manually verified for this lower-priority account,Unknown; not manually verified for this lower-priority account,Not publicly identified in reviewed material,Ask for owner / manager / retail buyer,info@mirajhammamtoronto.com,https://mirajhammamtoronto.com/,https://mirajhammamtoronto.com/contact-us/,2,2,3,Not established,"Miraj Hammam Spa has a sauna/wellness listing, but available evidence does not yet establish the combination of sauna focus, repeat community and accessible retail buying needed for earlier outreach.",Ask for product feedback,Use the public contact route to ask whether a sauna accessory trial would be relevant.,Limited qualification; inspect current sauna prominence and product-selling capability first.,Database triage + limited official-site contact scan; not fully qualified,Official-site profile link found; audience size and recent engagement not measured,825,Miraj Hammam Spa,active,"https://mirajhammamtoronto.com/
https://mirajhammamtoronto.com/contact-us/
https://mirajhammamtoronto.com/about/",2026-10-05,Not contacted,,Use the public contact route to ask whether a sauna accessory trial would be relevant.
99,Long tail,Low,Q Sauna & Spa,Lynnwood,Washington,United States,https://qspalynnwood.com/,https://www.instagram.com/qsauna_and_spa/,Boutique Sauna,Boutique Sauna (database classification; heater type unverified),1 database locations; total brand locations unknown,Unknown; not manually verified for this lower-priority account,Unknown; not manually verified for this lower-priority account,Not publicly identified in reviewed material,Ask for owner / manager / retail buyer,info@qspalynnwood.com,https://qspalynnwood.com/,https://qspalynnwood.com/contacts/,2,2,3,Not established,"Q Sauna & Spa has a sauna/wellness listing, but available evidence does not yet establish the combination of sauna focus, repeat community and accessible retail buying needed for earlier outreach.",Ask for product feedback,Use the public contact route to ask whether a sauna accessory trial would be relevant.,Limited qualification; inspect current sauna prominence and product-selling capability first.,Database triage + limited official-site contact scan; not fully qualified,Official-site profile link found; audience size and recent engagement not measured,578,Q Sauna & Spa,active,"https://qspalynnwood.com/
https://qspalynnwood.com/contacts/
https://qspalynnwood.com/man-sauna-man-spa-lynnwood-seattle-millcreek-woman-sauna-woman-spa-massage-hot-tub-jacuzzi-family-spa-about/
https://qspalynnwood.com/gift-card-for-membership/
https://qspalynnwood.com/events-promotions/",2026-10-05,Not contacted,,Use the public contact route to ask whether a sauna accessory trial would be relevant.
100,Long tail,Low,Remedy Place Flatiron,New York City,New York,United States,https://remedyplace.com/,https://www.instagram.com/remedyplace,Boutique Sauna,Boutique Sauna (database classification; heater type unverified),1 database locations; total brand locations unknown,Unknown; not manually verified for this lower-priority account,Unknown; not manually verified for this lower-priority account,Not publicly identified in reviewed material,Ask for owner / manager / retail buyer,membership@remedyplace.com,https://www.remedyplace.com/memberships,https://www.remedyplace.com/contact,2,2,3,Not established,"Remedy Place Flatiron has a sauna/wellness listing, but available evidence does not yet establish the combination of sauna focus, repeat community and accessible retail buying needed for earlier outreach.",Ask for product feedback,Use the public contact route to ask whether a sauna accessory trial would be relevant.,Limited qualification; inspect current sauna prominence and product-selling capability first.,Database triage + limited official-site contact scan; not fully qualified,Official-site profile link found; audience size and recent engagement not measured,92,Remedy Place Flatiron,active,"https://www.remedyplace.com/
https://www.remedyplace.com/contact
https://www.remedyplace.com/about-us
https://www.remedyplace.com/memberships
https://www.remedyplace.com/specialevents",2026-10-05,Not contacted,,Use the public contact route to ask whether a sauna accessory trial would be relevant.
101,Long tail,Low,Sapa Spa & Wellness,Denver,Colorado,United States,https://sapa-spa.com/,https://www.instagram.com/sapa_spa_wellness,Infrared Sauna,Infrared Sauna (database classification; heater type unverified),1 database locations; total brand locations unknown,Unknown; not manually verified for this lower-priority account,Unknown; not manually verified for this lower-priority account,Not publicly identified in reviewed material,Ask for owner / manager / retail buyer,hello@sapa-spa.com,https://sapa-spa.com/,https://sapa-spa.com/,2,2,3,Not established,"Sapa Spa & Wellness reaches recovery customers, but its database-listed infrared focus is less aligned with the traditional high-heat sauna relationship brief.",Ask for product feedback,Ask the owner whether sauna accessories are requested; offer a sample only if there is clear interest.,"Community, physical retail and non-infrared sauna offering require qualification.",Database triage + limited official-site contact scan; not fully qualified,Official-site profile link found; audience size and recent engagement not measured,697,Sapa Spa & Wellness,active,"https://sapa-spa.com/
https://sapa-spa.com/wellness-workshops-1",2026-10-05,Not contacted,,Ask the owner whether sauna accessories are requested; offer a sample only if there is clear interest.
102,Long tail,Low,Sauna Hut (Green Lake / Shoreline; ownership to confirm),Seattle; Shoreline,Washington,United States,http://www.sauna-hut.com/,https://instagram.com/thesaunahut,Boutique Sauna,Boutique Sauna (database classification; heater type unverified),2 database locations; total brand locations unknown,Unknown; not manually verified for this lower-priority account,Unknown; not manually verified for this lower-priority account,Not publicly identified in reviewed material,Ask for owner / manager / retail buyer,info@thesaunahut.com,https://www.thesaunahut.com/,http://www.sauna-hut.com/,2,2,3,Not established,"Sauna Hut (Green Lake / Shoreline; ownership to confirm) has a sauna/wellness listing, but available evidence does not yet establish the combination of sauna focus, repeat community and accessible retail buying needed for earlier outreach.",Ask for product feedback,Use the public contact route to ask whether a sauna accessory trial would be relevant.,Limited qualification; inspect current sauna prominence and product-selling capability first. Green Lake/Shoreline buying relationship is unverified; qualify once before splitting accounts.,Database triage + limited official-site contact scan; not fully qualified,Official-site profile link found; audience size and recent engagement not measured,571; 580,Sauna Hut Green Lake; Sauna Hut Shoreline,active,https://www.thesaunahut.com/,2026-10-05,Not contacted,,Use the public contact route to ask whether a sauna accessory trial would be relevant.
103,Long tail,Low,Sauna n Soak,Edmonds,Washington,United States,https://www.saunansoak.com/,https://www.instagram.com/saunansoak/,Boutique Sauna,Boutique Sauna (database classification; heater type unverified),1 database locations; total brand locations unknown,Unknown; not manually verified for this lower-priority account,Unknown; not manually verified for this lower-priority account,Not publicly identified in reviewed material,Ask for owner / manager / retail buyer,saunansoak@gmail.com,https://www.saunansoak.com/,https://www.saunansoak.com/contact,2,2,3,Not established,"Sauna n Soak has a sauna/wellness listing, but available evidence does not yet establish the combination of sauna focus, repeat community and accessible retail buying needed for earlier outreach.",Ask for product feedback,Use the public contact route to ask whether a sauna accessory trial would be relevant.,Limited qualification; inspect current sauna prominence and product-selling capability first.,Database triage + limited official-site contact scan; not fully qualified,Official-site profile link found; audience size and recent engagement not measured,621,Sauna n Soak,active,"https://www.saunansoak.com/
https://www.saunansoak.com/contact
https://www.saunansoak.com/about",2026-10-05,Not contacted,,Use the public contact route to ask whether a sauna accessory trial would be relevant.
104,Long tail,Low,Spa World Houston - Korean Spa & Sauna,Katy,Texas,United States,https://spaworldhouston.com/,https://www.instagram.com/spaworldhouston/,Infrared Sauna / Korean Spa / Modern Bathhouse,Infrared Sauna / Korean Spa / Modern Bathhouse (database classification; heater type unverified),1 database locations; total brand locations unknown,Unknown; not manually verified for this lower-priority account,Unknown; not manually verified for this lower-priority account,Not publicly identified in reviewed material,Ask for owner / manager / retail buyer,info@spaworldhouston.com,https://spaworldhouston.com/,https://spaworldhouston.com/contact-us/,2,2,3,Not established,"Spa World Houston - Korean Spa & Sauna reaches recovery customers, but its database-listed infrared focus is less aligned with the traditional high-heat sauna relationship brief.",Ask for product feedback,Ask the owner whether sauna accessories are requested; offer a sample only if there is clear interest.,"Community, physical retail and non-infrared sauna offering require qualification.",Database triage + limited official-site contact scan; not fully qualified,Official-site profile link found; audience size and recent engagement not measured,705,Spa World Houston - Korean Spa & Sauna,active,"https://spaworldhouston.com/
https://spaworldhouston.com/contact-us/
https://spaworldhouston.com/about-us/
https://spaworldhouston.com/membership/
https://spaworldhouston.com/private-parties-and-special-events/",2026-10-05,Not contacted,,Ask the owner whether sauna accessories are requested; offer a sample only if there is clear interest.
105,Long tail,Low,Sui Spa,New York City,New York,United States,http://www.suiyoga.com/,https://www.instagram.com/suiyoganyc/,Boutique Sauna,Boutique Sauna (database classification; heater type unverified),1 database locations; total brand locations unknown,Unknown; not manually verified for this lower-priority account,Unknown; not manually verified for this lower-priority account,Not publicly identified in reviewed material,Ask for owner / manager / retail buyer,hello@suiyoga.com,https://suiyoga.com/,http://www.suiyoga.com/,2,2,3,Not established,"Sui Spa has a sauna/wellness listing, but available evidence does not yet establish the combination of sauna focus, repeat community and accessible retail buying needed for earlier outreach.",Ask for product feedback,Use the public contact route to ask whether a sauna accessory trial would be relevant.,Limited qualification; inspect current sauna prominence and product-selling capability first.,Database triage + limited official-site contact scan; not fully qualified,Official-site profile link found; audience size and recent engagement not measured,922,Sui Spa,active,"https://suiyoga.com/
https://suiyoga.com/our-story/
https://suiyoga.com/class-memberships/
https://suiyoga.com/events-retreats/",2026-10-05,Not contacted,,Use the public contact route to ask whether a sauna accessory trial would be relevant.
106,Long tail,Low,Tech Sauna Spa,Katy,Texas,United States,https://www.techsaunaspa.com/,Not verified,Boutique Sauna,Boutique Sauna (database classification; heater type unverified),1 database locations; total brand locations unknown,Unknown; not manually verified for this lower-priority account,Unknown; not manually verified for this lower-priority account,Not publicly identified in reviewed material,Ask for owner / manager / retail buyer,techsaunaspa@gmail.com,https://www.techsaunaspa.com/,https://www.techsaunaspa.com/contact,2,2,3,Not established,"Tech Sauna Spa has a sauna/wellness listing, but available evidence does not yet establish the combination of sauna focus, repeat community and accessible retail buying needed for earlier outreach.",Ask for product feedback,Use the public contact route to ask whether a sauna accessory trial would be relevant.,Limited qualification; inspect current sauna prominence and product-selling capability first.,Database triage + limited official-site contact scan; not fully qualified,Profile / recent activity not verified,745,Tech Sauna Spa,active,"https://www.techsaunaspa.com/
https://www.techsaunaspa.com/contact
https://www.techsaunaspa.com/about",2026-10-05,Not contacted,,Use the public contact route to ask whether a sauna accessory trial would be relevant.
107,Long tail,Low,The Raven Spa,Los Angeles,California,United States,https://theravenspa.com,Not verified,Day Spa,Day Spa (database classification; heater type unverified),1 database locations; total brand locations unknown,Unknown; not manually verified for this lower-priority account,Unknown; not manually verified for this lower-priority account,Not publicly identified in reviewed material,Ask for owner / manager / retail buyer,silverlake@theravenspa.com,https://theravenspa.com,https://theravenspa.com/contact/,2,2,3,Not established,"The Raven Spa has a sauna/wellness listing, but available evidence does not yet establish the combination of sauna focus, repeat community and accessible retail buying needed for earlier outreach.",Ask for product feedback,Use the public contact route to ask whether a sauna accessory trial would be relevant.,Limited qualification; inspect current sauna prominence and product-selling capability first.,Database triage + limited official-site contact scan; not fully qualified,Profile / recent activity not verified,658,The Raven Spa,active,"https://theravenspa.com
https://theravenspa.com/contact/",2026-10-05,Not contacted,,Use the public contact route to ask whether a sauna accessory trial would be relevant.
108,Long tail,Low,Vita Day Spa,Shoreview,Minnesota,United States,https://www.vitadayspa.com,https://www.instagram.com/vitadayspamn/,Day Spa / Infrared Sauna,Day Spa / Infrared Sauna (database classification; heater type unverified),1 database locations; total brand locations unknown,Unknown; not manually verified for this lower-priority account,Unknown; not manually verified for this lower-priority account,Not publicly identified in reviewed material,Ask for owner / manager / retail buyer,info@vitadayspa.com,https://www.vitadayspa.com,https://www.vitadayspa.com/contact/,2,2,3,Not established,"Vita Day Spa reaches recovery customers, but its database-listed infrared focus is less aligned with the traditional high-heat sauna relationship brief.",Ask for product feedback,Ask the owner whether sauna accessories are requested; offer a sample only if there is clear interest.,"Community, physical retail and non-infrared sauna offering require qualification.",Database triage + limited official-site contact scan; not fully qualified,Official-site profile link found; audience size and recent engagement not measured,674,Vita Day Spa,active,"https://www.vitadayspa.com
https://www.vitadayspa.com/contact/
https://www.vitadayspa.com/about-vita-day-spa/the-vita-team/
https://www.vitadayspa.com/about-vita-day-spa/about/news/
https://www.vitadayspa.com/about-vita-day-spa/",2026-10-05,Not contacted,,Ask the owner whether sauna accessories are requested; offer a sample only if there is clear interest.
109,Long tail,Low,Voda Spa,West Hollywood,California,United States,https://vodaspa.com,Not verified,Day Spa,Day Spa (database classification; heater type unverified),1 database locations; total brand locations unknown,Unknown; not manually verified for this lower-priority account,Unknown; not manually verified for this lower-priority account,Not publicly identified in reviewed material,Ask for owner / manager / retail buyer,info@vodaspa.com,https://www.vodaspa.com/,https://www.vodaspa.com/contact-vodaspa/,2,2,3,Not established,"Voda Spa has a sauna/wellness listing, but available evidence does not yet establish the combination of sauna focus, repeat community and accessible retail buying needed for earlier outreach.",Ask for product feedback,Use the public contact route to ask whether a sauna accessory trial would be relevant.,Limited qualification; inspect current sauna prominence and product-selling capability first.,Database triage + limited official-site contact scan; not fully qualified,Profile / recent activity not verified,657,Voda Spa,active,"https://www.vodaspa.com/
https://www.vodaspa.com/contact-vodaspa/
https://www.vodaspa.com/memberships/
https://www.vodaspa.com/events/",2026-10-05,Not contacted,,Use the public contact route to ask whether a sauna accessory trial would be relevant.
110,Long tail,Low,Whole Body Cryo-Salt-Sauna-massage-body contouring,Spring,Texas,United States,http://www.wholebodytherapies.com/,http://instagram.com/wholebodyspringtx,Infrared Sauna,Infrared Sauna (database classification; heater type unverified),1 database locations; total brand locations unknown,Unknown; not manually verified for this lower-priority account,Unknown; not manually verified for this lower-priority account,Not publicly identified in reviewed material,Ask for owner / manager / retail buyer,info@wholebodytherapies.com,https://wholebodytherapies.com/,http://www.wholebodytherapies.com/,2,2,3,Not established,"Whole Body Cryo-Salt-Sauna-massage-body contouring reaches recovery customers, but its database-listed infrared focus is less aligned with the traditional high-heat sauna relationship brief.",Ask for product feedback,Ask the owner whether sauna accessories are requested; offer a sample only if there is clear interest.,"Community, physical retail and non-infrared sauna offering require qualification.",Database triage + limited official-site contact scan; not fully qualified,Official-site profile link found; audience size and recent engagement not measured,757,Whole Body Cryo-Salt-Sauna-massage-body contouring,active,https://wholebodytherapies.com/,2026-10-05,Not contacted,,Ask the owner whether sauna accessories are requested; offer a sample only if there is clear interest.
111,Long tail,Low,Worthy Self-Care Studio,Berkeley,California,United States,https://worthyselfcare.com/,https://www.instagram.com/becauseyouareworthy/,Infrared Sauna,Infrared Sauna (database classification; heater type unverified),1 database locations; total brand locations unknown,Unknown; not manually verified for this lower-priority account,Unknown; not manually verified for this lower-priority account,Not publicly identified in reviewed material,Ask for owner / manager / retail buyer,info@worthyselfcare.com,https://worthyselfcare.com/,https://worthyselfcare.com/contact/,2,2,3,Not established,"Worthy Self-Care Studio reaches recovery customers, but its database-listed infrared focus is less aligned with the traditional high-heat sauna relationship brief.",Ask for product feedback,Ask the owner whether sauna accessories are requested; offer a sample only if there is clear interest.,"Community, physical retail and non-infrared sauna offering require qualification.",Database triage + limited official-site contact scan; not fully qualified,Official-site profile link found; audience size and recent engagement not measured,549,Worthy Self-Care Studio,active,"https://worthyselfcare.com/
https://worthyselfcare.com/contact/
https://worthyselfcare.com/about/
https://worthyselfcare.com/memberships/
https://worthyselfcare.com/events/",2026-10-05,Not contacted,,Ask the owner whether sauna accessories are requested; offer a sample only if there is clear interest.
112,Long tail,Low,5 Star Salt Caves,Denver,Colorado,United States,https://5starsaltcaves.com/,Not verified,Infrared Sauna,Infrared Sauna (database classification; heater type unverified),1 database locations; total brand locations unknown,Unknown; not manually verified for this lower-priority account,Unknown; not manually verified for this lower-priority account,Not publicly identified in reviewed material,Ask for owner / manager / retail buyer,Not found,Not found,https://5starsaltcaves.com/,2,2,2,Not established,"5 Star Salt Caves reaches recovery customers, but its database-listed infrared focus is less aligned with the traditional high-heat sauna relationship brief.",Ask for product feedback,Ask the owner whether sauna accessories are requested; offer a sample only if there is clear interest.,"Community, physical retail and non-infrared sauna offering require qualification. Website retrieval failed or returned no readable evidence; this is not proof of closure.",Database triage + limited official-site contact scan; not fully qualified,Profile / recent activity not verified,696,5 Star Salt Caves,active,,2026-10-05,Not contacted,,Ask the owner whether sauna accessories are requested; offer a sample only if there is clear interest.
113,Long tail,Low,Dogpatch Paddle Sauna,San Francisco,California,United States,https://dogpatchpaddle.com,Not verified,Boutique Sauna,Boutique Sauna (database classification; heater type unverified),1 database locations; total brand locations unknown,Unknown; not manually verified for this lower-priority account,Unknown; not manually verified for this lower-priority account,Not publicly identified in reviewed material,Ask for owner / manager / retail buyer,Not found,Not found,https://dogpatchpaddle.com,2,2,2,Not established,"Dogpatch Paddle Sauna has a sauna/wellness listing, but available evidence does not yet establish the combination of sauna focus, repeat community and accessible retail buying needed for earlier outreach.",Ask for product feedback,Use the public contact route to ask whether a sauna accessory trial would be relevant.,Limited qualification; inspect current sauna prominence and product-selling capability first. Website retrieval failed or returned no readable evidence; this is not proof of closure.,Database triage + limited official-site contact scan; not fully qualified,Profile / recent activity not verified,62,Dogpatch Paddle Sauna,active,,2026-10-05,Not contacted,,Use the public contact route to ask whether a sauna accessory trial would be relevant.
114,Long tail,Low,Elliott Bay Sauna & Hot Tub Co,Federal Way,Washington,United States,http://www.elliottbayhottubco.com/rates.html,Not verified,Boutique Sauna,Boutique Sauna (database classification; heater type unverified),1 database locations; total brand locations unknown,Unknown; not manually verified for this lower-priority account,Unknown; not manually verified for this lower-priority account,Not publicly identified in reviewed material,Ask for owner / manager / retail buyer,Not found,Not found,http://www.elliottbayhottubco.com/rates.html,2,2,2,Not established,"Elliott Bay Sauna & Hot Tub Co has a sauna/wellness listing, but available evidence does not yet establish the combination of sauna focus, repeat community and accessible retail buying needed for earlier outreach.",Ask for product feedback,Use the public contact route to ask whether a sauna accessory trial would be relevant.,Limited qualification; inspect current sauna prominence and product-selling capability first.,Database triage + limited official-site contact scan; not fully qualified,Profile / recent activity not verified,622,Elliott Bay Sauna & Hot Tub Co,active,https://www.elliottbayhottubco.com/rates.html,2026-10-05,Not contacted,,Use the public contact route to ask whether a sauna accessory trial would be relevant.
115,Long tail,Low,Float Valley,Markham,Ontario,Canada,https://floatvalley.com/,Not verified,Infrared Sauna / Float Spa,Infrared Sauna / Float Spa (database classification; heater type unverified),1 database locations; total brand locations unknown,Unknown; not manually verified for this lower-priority account,Unknown; not manually verified for this lower-priority account,Not publicly identified in reviewed material,Ask for owner / manager / retail buyer,Not found,Not found,https://floatvalley.com/,2,2,2,Not established,"Float Valley reaches recovery customers, but its database-listed infrared focus is less aligned with the traditional high-heat sauna relationship brief.",Ask for product feedback,Ask the owner whether sauna accessories are requested; offer a sample only if there is clear interest.,"Community, physical retail and non-infrared sauna offering require qualification. Website retrieval failed or returned no readable evidence; this is not proof of closure.",Database triage + limited official-site contact scan; not fully qualified,Profile / recent activity not verified,873,Float Valley,active,,2026-10-05,Not contacted,,Ask the owner whether sauna accessories are requested; offer a sample only if there is clear interest.
116,Long tail,Low,"Halsa Float Spa- Kitsilano, Vancouver",Vancouver,British Columbia,Canada,https://halsa.ca/,Not verified,Infrared Sauna / Float Spa,Infrared Sauna / Float Spa (database classification; heater type unverified),1 database locations; total brand locations unknown,Unknown; not manually verified for this lower-priority account,Unknown; not manually verified for this lower-priority account,Not publicly identified in reviewed material,Ask for owner / manager / retail buyer,Not found,Not found,https://halsa.ca/,2,2,2,Not established,"Halsa Float Spa- Kitsilano, Vancouver reaches recovery customers, but its database-listed infrared focus is less aligned with the traditional high-heat sauna relationship brief.",Ask for product feedback,Ask the owner whether sauna accessories are requested; offer a sample only if there is clear interest.,"Community, physical retail and non-infrared sauna offering require qualification. Website retrieval failed or returned no readable evidence; this is not proof of closure.",Database triage + limited official-site contact scan; not fully qualified,Profile / recent activity not verified,785,"Halsa Float Spa- Kitsilano, Vancouver",active,,2026-10-05,Not contacted,,Ask the owner whether sauna accessories are requested; offer a sample only if there is clear interest.
117,Long tail,Low,Hastings Spa Reflexology Sauna,Vancouver,British Columbia,Canada,https://hastingsspa.com/,https://www.instagram.com/hastingsreflexologysauna/,Boutique Sauna,Boutique Sauna (database classification; heater type unverified),1 database locations; total brand locations unknown,Unknown; not manually verified for this lower-priority account,Unknown; not manually verified for this lower-priority account,Not publicly identified in reviewed material,Ask for owner / manager / retail buyer,Not found,Not found,https://hastingsspa.com/contact-vancouver-spa/,2,2,2,Not established,"Hastings Spa Reflexology Sauna has a sauna/wellness listing, but available evidence does not yet establish the combination of sauna focus, repeat community and accessible retail buying needed for earlier outreach.",Ask for product feedback,Use the public contact route to ask whether a sauna accessory trial would be relevant.,Limited qualification; inspect current sauna prominence and product-selling capability first.,Database triage + limited official-site contact scan; not fully qualified,Official-site profile link found; audience size and recent engagement not measured,776,Hastings Spa Reflexology Sauna,active,"https://hastingsspa.com/
https://hastingsspa.com/contact-vancouver-spa/
https://hastingsspa.com/about-hastings-spa/",2026-10-05,Not contacted,,Use the public contact route to ask whether a sauna accessory trial would be relevant.
118,Long tail,Low,Haute Infrared Studio,Montrose,California,United States,http://hauteinfraredstudio.com/,Not verified,Infrared Sauna,Infrared Sauna (database classification; heater type unverified),1 database locations; total brand locations unknown,Unknown; not manually verified for this lower-priority account,Unknown; not manually verified for this lower-priority account,Not publicly identified in reviewed material,Ask for owner / manager / retail buyer,Not found,Not found,http://hauteinfraredstudio.com/,2,2,2,Not established,"Haute Infrared Studio reaches recovery customers, but its database-listed infrared focus is less aligned with the traditional high-heat sauna relationship brief.",Ask for product feedback,Ask the owner whether sauna accessories are requested; offer a sample only if there is clear interest.,"Community, physical retail and non-infrared sauna offering require qualification.",Database triage + limited official-site contact scan; not fully qualified,Profile / recent activity not verified,895,Haute Infrared Studio,active,"https://www.hauteinfraredstudio.com/
https://www.hauteinfraredstudio.com/membership",2026-10-05,Not contacted,,Ask the owner whether sauna accessories are requested; offer a sample only if there is clear interest.
119,Long tail,Low,Kove Studio,New York City; New York City (Brooklyn),New York,United States,https://kove.studio,Not verified,Infrared Sauna,Infrared Sauna (database classification; heater type unverified),2 NYC locations in database; total count unverified,Unknown; not manually verified for this lower-priority account,Unknown; not manually verified for this lower-priority account,Not publicly identified in reviewed material,Ask for owner / manager / retail buyer,Not found,Not found,https://kove.studio,2,2,2,Not established,"Neighborhood recovery and repeat infrared use provide a possible local introduction, but traditional communal sauna is not established.",Ask for product feedback,Ask the owner whether sauna accessories are requested; offer a sample only if there is clear interest.,"Community, physical retail and non-infrared sauna offering require qualification.",Database triage + limited official-site contact scan; not fully qualified,Profile / recent activity not verified,914; 915,Kove Studio East Village; Kove Studio Williamsburg,active,https://kove.studio,2026-10-05,Not contacted,,Ask the owner whether sauna accessories are requested; offer a sample only if there is clear interest.
120,Long tail,Low,NLighten Infrared Sauna,Hastings-on-Hudson,New York,United States,http://nlighteninfraredsauna.com/contact/,https://www.instagram.com/nlighteninfraredsauna/,Infrared Sauna,Infrared Sauna (database classification; heater type unverified),1 database locations; total brand locations unknown,Unknown; not manually verified for this lower-priority account,Unknown; not manually verified for this lower-priority account,Not publicly identified in reviewed material,Ask for owner / manager / retail buyer,Not found,Not found,https://nlighteninfraredsauna.com/contact/,2,2,2,Not established,"NLighten Infrared Sauna reaches recovery customers, but its database-listed infrared focus is less aligned with the traditional high-heat sauna relationship brief.",Ask for product feedback,Ask the owner whether sauna accessories are requested; offer a sample only if there is clear interest.,"Community, physical retail and non-infrared sauna offering require qualification.",Database triage + limited official-site contact scan; not fully qualified,Official-site profile link found; audience size and recent engagement not measured,53,NLighten Infrared Sauna,active,https://nlighteninfraredsauna.com/contact/,2026-10-05,Not contacted,,Ask the owner whether sauna accessories are requested; offer a sample only if there is clear interest.
121,Long tail,Low,Piedmont Springs,Oakland,California,United States,https://www.piedmontsprings.com/,Not verified,Day Spa,Day Spa (database classification; heater type unverified),1 database locations; total brand locations unknown,Unknown; not manually verified for this lower-priority account,Unknown; not manually verified for this lower-priority account,Not publicly identified in reviewed material,Ask for owner / manager / retail buyer,Not found,Not found,https://www.piedmontsprings.com/,2,2,2,Not established,"Piedmont Springs has a sauna/wellness listing, but available evidence does not yet establish the combination of sauna focus, repeat community and accessible retail buying needed for earlier outreach.",Ask for product feedback,Use the public contact route to ask whether a sauna accessory trial would be relevant.,Limited qualification; inspect current sauna prominence and product-selling capability first.,Database triage + limited official-site contact scan; not fully qualified,Profile / recent activity not verified,550,Piedmont Springs,active,https://www.piedmontsprings.com/,2026-10-05,Not contacted,,Use the public contact route to ask whether a sauna accessory trial would be relevant.
122,Long tail,Low,Reboot Float & Cryo Spa,San Francisco,California,United States,https://rebootfloatspa.com,Not verified,Infrared Sauna,Infrared Sauna (database classification; heater type unverified),2 database locations; total brand locations unknown,Unknown; not manually verified for this lower-priority account,Unknown; not manually verified for this lower-priority account,Not publicly identified in reviewed material,Ask for owner / manager / retail buyer,Not found,Not found,https://rebootfloatspa.com,2,2,2,Not established,"Reboot Float & Cryo Spa reaches recovery customers, but its database-listed infrared focus is less aligned with the traditional high-heat sauna relationship brief.",Ask for product feedback,Ask the owner whether sauna accessories are requested; offer a sample only if there is clear interest.,"Community, physical retail and non-infrared sauna offering require qualification. Website retrieval failed or returned no readable evidence; this is not proof of closure.",Database triage + limited official-site contact scan; not fully qualified,Profile / recent activity not verified,59; 60,Reboot Float & Cryo Spa; Reboot Float & Cryo Spa - Marina,active,,2026-10-05,Not contacted,,Ask the owner whether sauna accessories are requested; offer a sample only if there is clear interest.
123,Long tail,Low,SPLASH STEAM AND SAUNA,Toronto,Ontario,Canada,https://splashsteamandsauna.com/,https://www.instagram.com/splashsteamandsauna/,Boutique Sauna,Boutique Sauna (database classification; heater type unverified),1 database locations; total brand locations unknown,Unknown; not manually verified for this lower-priority account,Unknown; not manually verified for this lower-priority account,Not publicly identified in reviewed material,Ask for owner / manager / retail buyer,Not found,Not found,https://splashsteamandsauna.com/contact/,2,2,2,Not established,"SPLASH STEAM AND SAUNA has a sauna/wellness listing, but available evidence does not yet establish the combination of sauna focus, repeat community and accessible retail buying needed for earlier outreach.",Ask for product feedback,Use the public contact route to ask whether a sauna accessory trial would be relevant.,Limited qualification; inspect current sauna prominence and product-selling capability first.,Database triage + limited official-site contact scan; not fully qualified,Official-site profile link found; audience size and recent engagement not measured,827,SPLASH STEAM AND SAUNA,active,"https://splashsteamandsauna.com/
https://splashsteamandsauna.com/contact/",2026-10-05,Not contacted,,Use the public contact route to ask whether a sauna accessory trial would be relevant.
124,Long tail,Low,Seattle Massage Sauna & Float,Seattle,Washington,United States,https://www.seattlemassagepro.com/,Not verified,Float Spa,Float Spa (database classification; heater type unverified),1 database locations; total brand locations unknown,Unknown; not manually verified for this lower-priority account,Unknown; not manually verified for this lower-priority account,Not publicly identified in reviewed material,Ask for owner / manager / retail buyer,Not found,Not found,https://www.seattlemassagepro.com/,2,2,2,Not established,"Seattle Massage Sauna & Float has a sauna/wellness listing, but available evidence does not yet establish the combination of sauna focus, repeat community and accessible retail buying needed for earlier outreach.",Ask for product feedback,Use the public contact route to ask whether a sauna accessory trial would be relevant.,Limited qualification; inspect current sauna prominence and product-selling capability first. Website retrieval failed or returned no readable evidence; this is not proof of closure.,Database triage + limited official-site contact scan; not fully qualified,Profile / recent activity not verified,583,Seattle Massage Sauna & Float,active,,2026-10-05,Not contacted,,Use the public contact route to ask whether a sauna accessory trial would be relevant.
125,Long tail,Low,SenSpa,San Francisco,California,United States,https://senspa.com,https://www.instagram.com/senspasf,Day Spa,Day Spa (database classification; heater type unverified),1 database locations; total brand locations unknown,Unknown; not manually verified for this lower-priority account,Unknown; not manually verified for this lower-priority account,Not publicly identified in reviewed material,Ask for owner / manager / retail buyer,Not found,Not found,https://senspa.com,2,2,2,Not established,"SenSpa has a sauna/wellness listing, but available evidence does not yet establish the combination of sauna focus, repeat community and accessible retail buying needed for earlier outreach.",Ask for product feedback,Use the public contact route to ask whether a sauna accessory trial would be relevant.,Limited qualification; inspect current sauna prominence and product-selling capability first.,Database triage + limited official-site contact scan; not fully qualified,Official-site profile link found; audience size and recent engagement not measured,65,SenSpa,active,"https://senspa.com
https://senspa.com/about-us/
https://senspa.com/membership/",2026-10-05,Not contacted,,Use the public contact route to ask whether a sauna accessory trial would be relevant.
126,Long tail,Low,Sudor Sauna Studio,Houston,Texas,United States,https://www.sudorsauna.com/,https://www.instagram.com/sudorsaunastudio/,Infrared Sauna,Infrared Sauna (database classification; heater type unverified),1 database locations; total brand locations unknown,Unknown; not manually verified for this lower-priority account,Unknown; not manually verified for this lower-priority account,Not publicly identified in reviewed material,Ask for owner / manager / retail buyer,Not found,Not found,https://www.sudorsauna.com/,2,2,2,Not established,"Sudor Sauna Studio reaches recovery customers, but its database-listed infrared focus is less aligned with the traditional high-heat sauna relationship brief.",Ask for product feedback,Ask the owner whether sauna accessories are requested; offer a sample only if there is clear interest.,"Community, physical retail and non-infrared sauna offering require qualification.",Database triage + limited official-site contact scan; not fully qualified,Official-site profile link found; audience size and recent engagement not measured,703,Sudor Sauna Studio,active,"https://www.sudorsauna.com/
https://www.sudorsauna.com/about",2026-10-05,Not contacted,,Ask the owner whether sauna accessories are requested; offer a sample only if there is clear interest.
127,Long tail,Low,Sway Wellness Club — RiNo (formerly Upswell),Denver,Colorado,United States,https://upswellstudio.com/,http://www.instagram.com/upswell_studio,Modern Bathhouse,Modern Bathhouse (database classification; heater type unverified),1 database locations; total brand locations unknown,Unknown; not manually verified for this lower-priority account,Unknown; not manually verified for this lower-priority account,Not publicly identified in reviewed material,Ask for owner / manager / retail buyer,Not found,Not found,https://upswellstudio.com/,2,2,2,Not established,"Sway Wellness Club — RiNo (formerly Upswell) has a sauna/wellness listing, but available evidence does not yet establish the combination of sauna focus, repeat community and accessible retail buying needed for earlier outreach.",Ask for product feedback,Use the public contact route to ask whether a sauna accessory trial would be relevant.,Limited qualification; inspect current sauna prominence and product-selling capability first.,Database triage + limited official-site contact scan; not fully qualified,Official-site profile link found; audience size and recent engagement not measured,693,Sway Wellness Club — RiNo (formerly Upswell),active,https://upswellstudio.com/,2026-10-05,Not contacted,,Use the public contact route to ask whether a sauna accessory trial would be relevant.
128,Long tail,Low,Virgin Hotels NYC,New York City,New York,United States,https://virginhotels.com/nyc/,Not verified,Hotel Spa,Hotel Spa (database classification; heater type unverified),1 database locations; total brand locations unknown,Unknown; not manually verified for this lower-priority account,Unknown; not manually verified for this lower-priority account,Not publicly identified in reviewed material,Ask for owner / manager / retail buyer,Not found,Not found,https://virginhotels.com/nyc/,2,2,2,Not established,"Virgin Hotels NYC has a sauna/wellness listing, but available evidence does not yet establish the combination of sauna focus, repeat community and accessible retail buying needed for earlier outreach.",Ask for product feedback,Use the public contact route to ask whether a sauna accessory trial would be relevant.,Limited qualification; inspect current sauna prominence and product-selling capability first. Website retrieval failed or returned no readable evidence; this is not proof of closure.,Database triage + limited official-site contact scan; not fully qualified,Profile / recent activity not verified,84,Virgin Hotels NYC,active,,2026-10-05,Not contacted,,Use the public contact route to ask whether a sauna accessory trial would be relevant.
129,Long tail,Low,Vital Ice,San Francisco,California,United States,https://www.vitalicesf.com/,Not verified,Infrared Sauna,Infrared Sauna (database classification; heater type unverified),1 database locations; total brand locations unknown,Unknown; not manually verified for this lower-priority account,Unknown; not manually verified for this lower-priority account,Not publicly identified in reviewed material,Ask for owner / manager / retail buyer,Not found,Not found,https://www.vitalicesf.com/,2,2,2,Not established,"Vital Ice reaches recovery customers, but its database-listed infrared focus is less aligned with the traditional high-heat sauna relationship brief.",Ask for product feedback,Ask the owner whether sauna accessories are requested; offer a sample only if there is clear interest.,"Community, physical retail and non-infrared sauna offering require qualification.",Database triage + limited official-site contact scan; not fully qualified,Profile / recent activity not verified,544,Vital Ice,active,https://www.vitalicesf.com/,2026-10-05,Not contacted,,Ask the owner whether sauna accessories are requested; offer a sample only if there is clear interest.
130,Long tail,Low,WORLD SPA,New York City (Brooklyn),New York,United States,http://worldspa.com/,https://www.instagram.com/worldspanyc/,Modern Bathhouse,Modern Bathhouse (database classification; heater type unverified),1 database locations; total brand locations unknown,Unknown; not manually verified for this lower-priority account,Unknown; not manually verified for this lower-priority account,Not publicly identified in reviewed material,Ask for owner / manager / retail buyer,Not found,Not found,https://worldspa.com/contact-us/,2,2,2,Not established,"WORLD SPA has a sauna/wellness listing, but available evidence does not yet establish the combination of sauna focus, repeat community and accessible retail buying needed for earlier outreach.",Ask for product feedback,Use the public contact route to ask whether a sauna accessory trial would be relevant.,Limited qualification; inspect current sauna prominence and product-selling capability first.,Database triage + limited official-site contact scan; not fully qualified,Official-site profile link found; audience size and recent engagement not measured,17,WORLD SPA,active,"https://worldspa.com/
https://worldspa.com/contact-us/
https://worldspa.com/our-story/
https://worldspa.com/membership/
https://worldspa.com/private-events/",2026-10-05,Not contacted,,Use the public contact route to ask whether a sauna accessory trial would be relevant.
131,Long tail,Low,Water Qube Spa & Sauna,Markham,Ontario,Canada,http://waterq.ca/,Not verified,Boutique Sauna,Boutique Sauna (database classification; heater type unverified),1 database locations; total brand locations unknown,Unknown; not manually verified for this lower-priority account,Unknown; not manually verified for this lower-priority account,Not publicly identified in reviewed material,Ask for owner / manager / retail buyer,Not found,Not found,http://waterq.ca/,2,2,2,Not established,"Water Qube Spa & Sauna has a sauna/wellness listing, but available evidence does not yet establish the combination of sauna focus, repeat community and accessible retail buying needed for earlier outreach.",Ask for product feedback,Use the public contact route to ask whether a sauna accessory trial would be relevant.,Limited qualification; inspect current sauna prominence and product-selling capability first. Website retrieval failed or returned no readable evidence; this is not proof of closure.,Database triage + limited official-site contact scan; not fully qualified,Profile / recent activity not verified,861,Water Qube Spa & Sauna,active,,2026-10-05,Not contacted,,Use the public contact route to ask whether a sauna accessory trial would be relevant.
132,Long tail,Low,Bouldering Project - Poplar,Seattle,Washington,United States,https://boulderingproject.com/location/poplar/,https://www.instagram.com/boulderingprojects/,Gym Sauna,Gym Sauna (database classification; heater type unverified),1 database locations; total brand locations unknown,Unknown; not manually verified for this lower-priority account,Unknown; not manually verified for this lower-priority account,Not publicly identified in reviewed material,Ask for owner / manager / retail buyer,abp.info@boulderingproject.com,https://boulderingproject.com/contact/,https://boulderingproject.com/contact/,1,2,3,Not established,"Bouldering Project - Poplar has a fitness community, but the database lists sauna mainly as a gym amenity; a dedicated accessory buyer is not established.",Ask for product feedback,Only offer a sample through a warm introduction to the wellness or retail manager.,Confirm sauna prominence and local retail authority before any outreach.,Database triage + limited official-site contact scan; not fully qualified,Official-site profile link found; audience size and recent engagement not measured,615,Bouldering Project - Poplar,active,"https://boulderingproject.com/location/poplar/
https://boulderingproject.com/contact/
https://boulderingproject.com/about-youth-programs-seattle/
https://boulderingproject.com/about-us/",2026-10-05,Not contacted,,Only offer a sample through a warm introduction to the wellness or retail manager.
133,Long tail,Low,Ethos,Chicago,Illinois,United States,https://ethostrainingchi.com/,https://www.instagram.com/ethostrainingchi/,Gym Sauna / Recovery Center,Gym Sauna / Recovery Center (database classification; heater type unverified),1 database locations; total brand locations unknown,Unknown; not manually verified for this lower-priority account,Unknown; not manually verified for this lower-priority account,Not publicly identified in reviewed material,Ask for owner / manager / retail buyer,info@ethostrainingchi.com,https://ethostrainingchi.com/,https://ethostrainingchi.com/,1,2,3,Not established,"Ethos has a fitness community, but the database lists sauna mainly as a gym amenity; a dedicated accessory buyer is not established.",Ask for product feedback,Only offer a sample through a warm introduction to the wellness or retail manager.,Confirm sauna prominence and local retail authority before any outreach.,Database triage + limited official-site contact scan; not fully qualified,Official-site profile link found; audience size and recent engagement not measured,640,Ethos,active,"https://ethostrainingchi.com/
https://ethostrainingchi.com/our-story
https://ethostrainingchi.com/events",2026-10-05,Not contacted,,Only offer a sample through a warm introduction to the wellness or retail manager.
134,Long tail,Low,FFC Gold Coast,Chicago,Illinois,United States,https://ffc.com/club-locations/gold-coast/,https://instagram.com/ffc_chicago,Gym Sauna,Gym Sauna (database classification; heater type unverified),1 database locations; total brand locations unknown,Unknown; not manually verified for this lower-priority account,Unknown; not manually verified for this lower-priority account,Not publicly identified in reviewed material,Ask for owner / manager / retail buyer,fitnessformulaclubs@ffc.com,https://ffc.com/contact-us/,https://ffc.com/contact-us/,1,2,3,Not established,"FFC Gold Coast has a fitness community, but the database lists sauna mainly as a gym amenity; a dedicated accessory buyer is not established.",Ask for product feedback,Only offer a sample through a warm introduction to the wellness or retail manager.,Confirm sauna prominence and local retail authority before any outreach.,Database triage + limited official-site contact scan; not fully qualified,Official-site profile link found; audience size and recent engagement not measured,642,FFC Gold Coast,active,"https://ffc.com/club-locations/gold-coast/
https://ffc.com/contact-us/
https://ffc.com/shop/",2026-10-05,Not contacted,,Only offer a sample through a warm introduction to the wellness or retail manager.
135,Long tail,Low,Fitness 2000 Athletic Club,Burnaby,British Columbia,Canada,http://fitness2000.ca/,https://www.instagram.com/fitness2000_f2k/,Gym Sauna,Gym Sauna (database classification; heater type unverified),1 database locations; total brand locations unknown,Unknown; not manually verified for this lower-priority account,Unknown; not manually verified for this lower-priority account,Not publicly identified in reviewed material,Ask for owner / manager / retail buyer,info@fitness2000.ca,https://www.fitness2000.ca/,https://www.fitness2000.ca/contact-us,1,2,3,Not established,"Fitness 2000 Athletic Club has a fitness community, but the database lists sauna mainly as a gym amenity; a dedicated accessory buyer is not established.",Ask for product feedback,Only offer a sample through a warm introduction to the wellness or retail manager.,Confirm sauna prominence and local retail authority before any outreach.,Database triage + limited official-site contact scan; not fully qualified,Official-site profile link found; audience size and recent engagement not measured,811,Fitness 2000 Athletic Club,active,"https://www.fitness2000.ca/
https://www.fitness2000.ca/contact-us
https://www.fitness2000.ca/about-us",2026-10-05,Not contacted,,Only offer a sample through a warm introduction to the wellness or retail manager.
136,Long tail,Low,Innovative Health Gym & Wellness Center,Seattle,Washington,United States,https://ih-seattle.com/,https://www.instagram.com/innovativehealthgym/,Gym Sauna,Gym Sauna (database classification; heater type unverified),1 database locations; total brand locations unknown,Unknown; not manually verified for this lower-priority account,Unknown; not manually verified for this lower-priority account,Not publicly identified in reviewed material,Ask for owner / manager / retail buyer,membership@ih-seattle.com,https://ih-seattle.com/,https://ih-seattle.com/contact-innovative-health/,1,2,3,Not established,"Innovative Health Gym & Wellness Center has a fitness community, but the database lists sauna mainly as a gym amenity; a dedicated accessory buyer is not established.",Ask for product feedback,Only offer a sample through a warm introduction to the wellness or retail manager.,Confirm sauna prominence and local retail authority before any outreach.,Database triage + limited official-site contact scan; not fully qualified,Official-site profile link found; audience size and recent engagement not measured,585,Innovative Health Gym & Wellness Center,active,"https://ih-seattle.com/
https://ih-seattle.com/contact-innovative-health/
https://ih-seattle.com/our-team/
https://ih-seattle.com/gym-membership/",2026-10-05,Not contacted,,Only offer a sample through a warm introduction to the wellness or retail manager.
137,Long tail,Low,Lloyd Athletic Club,Portland,Oregon,United States,https://lloydathleticclub.com,https://www.instagram.com/lloydathleticclub/,Gym Sauna,Gym Sauna (database classification; heater type unverified),1 database locations; total brand locations unknown,Unknown; not manually verified for this lower-priority account,Unknown; not manually verified for this lower-priority account,Not publicly identified in reviewed material,Ask for owner / manager / retail buyer,marlena@lloydathleticclub.com,https://lloydathleticclub.com,https://lloydathleticclub.com,1,2,3,Not established,"Lloyd Athletic Club has a fitness community, but the database lists sauna mainly as a gym amenity; a dedicated accessory buyer is not established.",Ask for product feedback,Only offer a sample through a warm introduction to the wellness or retail manager.,Confirm sauna prominence and local retail authority before any outreach.,Database triage + limited official-site contact scan; not fully qualified,Official-site profile link found; audience size and recent engagement not measured,686,Lloyd Athletic Club,active,"https://lloydathleticclub.com
https://lloydathleticclub.com/about-us/
https://lloydathleticclub.com/shop/
https://lloydathleticclub.com/private-shop/
https://lloydathleticclub.com/membership-information/",2026-10-05,Not contacted,,Only offer a sample through a warm introduction to the wellness or retail manager.
138,Long tail,Low,Manhattan Plaza Health Club,New York City,New York,United States,http://www.mphc.com/sauna,https://www.instagram.com/mphc.nyc/,Gym Sauna,Gym Sauna (database classification; heater type unverified),1 database locations; total brand locations unknown,Unknown; not manually verified for this lower-priority account,Unknown; not manually verified for this lower-priority account,Not publicly identified in reviewed material,Ask for owner / manager / retail buyer,info@mphc.com,https://mphc.com/sauna-and-steam-rooms-re-opens-today/,https://mphc.com/contact/,1,2,3,Not established,"Manhattan Plaza Health Club has a fitness community, but the database lists sauna mainly as a gym amenity; a dedicated accessory buyer is not established.",Ask for product feedback,Only offer a sample through a warm introduction to the wellness or retail manager.,Confirm sauna prominence and local retail authority before any outreach.,Database triage + limited official-site contact scan; not fully qualified,Official-site profile link found; audience size and recent engagement not measured,73,Manhattan Plaza Health Club,active,"https://mphc.com/sauna-and-steam-rooms-re-opens-today/
https://mphc.com/contact/
https://mphc.com/pricelist/
https://mphc.com/ourcommunityevents/",2026-10-05,Not contacted,,Only offer a sample through a warm introduction to the wellness or retail manager.
139,Long tail,Low,Mercedes Club,New York City,New York,United States,http://www.themercedesclub.com/amenities,http://instagram.com/mercedesclubnyc,Gym Sauna,Gym Sauna (database classification; heater type unverified),1 database locations; total brand locations unknown,Unknown; not manually verified for this lower-priority account,Unknown; not manually verified for this lower-priority account,Not publicly identified in reviewed material,Ask for owner / manager / retail buyer,info@themercedesclub.com,https://www.themercedesclub.com/amenities,https://www.themercedesclub.com/contact-us,1,2,3,Not established,"Mercedes Club has a fitness community, but the database lists sauna mainly as a gym amenity; a dedicated accessory buyer is not established.",Ask for product feedback,Only offer a sample through a warm introduction to the wellness or retail manager.,Confirm sauna prominence and local retail authority before any outreach.,Database triage + limited official-site contact scan; not fully qualified,Official-site profile link found; audience size and recent engagement not measured,74,Mercedes Club,active,"https://www.themercedesclub.com/amenities
https://www.themercedesclub.com/contact-us
https://www.themercedesclub.com/about
https://www.themercedesclub.com/events",2026-10-05,Not contacted,,Only offer a sample through a warm introduction to the wellness or retail manager.
140,Long tail,Low,Obsidian Athletic Club,North Vancouver,British Columbia,Canada,http://obsidianathleticclub.com/,https://www.instagram.com/obsidian_athletic_club/,Gym Sauna,Gym Sauna (database classification; heater type unverified),1 database locations; total brand locations unknown,Unknown; not manually verified for this lower-priority account,Unknown; not manually verified for this lower-priority account,Not publicly identified in reviewed material,Ask for owner / manager / retail buyer,info@obsidianathleticclub.com,https://www.obsidianathleticclub.com/,https://www.obsidianathleticclub.com/contact,1,2,3,Not established,"Obsidian Athletic Club has a fitness community, but the database lists sauna mainly as a gym amenity; a dedicated accessory buyer is not established.",Ask for product feedback,Only offer a sample through a warm introduction to the wellness or retail manager.,Confirm sauna prominence and local retail authority before any outreach.,Database triage + limited official-site contact scan; not fully qualified,Official-site profile link found; audience size and recent engagement not measured,810,Obsidian Athletic Club,active,"https://www.obsidianathleticclub.com/
https://www.obsidianathleticclub.com/contact",2026-10-05,Not contacted,,Only offer a sample through a warm introduction to the wellness or retail manager.
141,Long tail,Low,Olympic Athletic Club,Seattle,Washington,United States,http://www.olympicathleticclub.com/,https://www.instagram.com/olympicathleticclub/,Gym Sauna,Gym Sauna (database classification; heater type unverified),1 database locations; total brand locations unknown,Unknown; not manually verified for this lower-priority account,Unknown; not manually verified for this lower-priority account,Not publicly identified in reviewed material,Ask for owner / manager / retail buyer,requests@olympicathleticclub.com,https://www.olympicathleticclub.com/,https://www.olympicathleticclub.com/contact-us/,1,2,3,Not established,"Olympic Athletic Club has a fitness community, but the database lists sauna mainly as a gym amenity; a dedicated accessory buyer is not established.",Ask for product feedback,Only offer a sample through a warm introduction to the wellness or retail manager.,Confirm sauna prominence and local retail authority before any outreach.,Database triage + limited official-site contact scan; not fully qualified,Official-site profile link found; audience size and recent engagement not measured,582,Olympic Athletic Club,active,"https://www.olympicathleticclub.com/
https://www.olympicathleticclub.com/contact-us/
https://www.olympicathleticclub.com/about-oac/
https://www.olympicathleticclub.com/memberships/",2026-10-05,Not contacted,,Only offer a sample through a warm introduction to the wellness or retail manager.
142,Long tail,Low,Red Diamond Yoga + Infrared Sauna,Los Angeles,California,United States,http://www.reddiamondyoga.com/,https://www.instagram.com/reddiamondyoga/,Infrared Sauna / Gym Sauna,Infrared Sauna / Gym Sauna (database classification; heater type unverified),1 database locations; total brand locations unknown,Unknown; not manually verified for this lower-priority account,Unknown; not manually verified for this lower-priority account,Not publicly identified in reviewed material,Ask for owner / manager / retail buyer,info@reddiamondyoga.com,https://reddiamondyoga.com/,https://reddiamondyoga.com/contact/,1,2,3,Not established,"Red Diamond Yoga + Infrared Sauna has a fitness community, but the database lists sauna mainly as a gym amenity; a dedicated accessory buyer is not established.",Ask for product feedback,Only offer a sample through a warm introduction to the wellness or retail manager.,Confirm sauna prominence and local retail authority before any outreach.,Database triage + limited official-site contact scan; not fully qualified,Official-site profile link found; audience size and recent engagement not measured,893,Red Diamond Yoga + Infrared Sauna,active,"https://reddiamondyoga.com/
https://reddiamondyoga.com/contact/
https://reddiamondyoga.com/events/",2026-10-05,Not contacted,,Only offer a sample through a warm introduction to the wellness or retail manager.
143,Long tail,Low,Unionville Athletic Club,Markham,Ontario,Canada,https://www.unionvilleac.com/,https://www.instagram.com/unionvilleathleticclub/,Gym Sauna,Gym Sauna (database classification; heater type unverified),1 database locations; total brand locations unknown,Unknown; not manually verified for this lower-priority account,Unknown; not manually verified for this lower-priority account,Not publicly identified in reviewed material,Ask for owner / manager / retail buyer,frontdesk@unionvilleac.com,https://www.unionvilleac.com/pages/contact-us/contact-gym-markham-ontario,https://www.unionvilleac.com/pages/contact-us/privileges,1,2,3,Not established,"Unionville Athletic Club has a fitness community, but the database lists sauna mainly as a gym amenity; a dedicated accessory buyer is not established.",Ask for product feedback,Only offer a sample through a warm introduction to the wellness or retail manager.,Confirm sauna prominence and local retail authority before any outreach.,Database triage + limited official-site contact scan; not fully qualified,Official-site profile link found; audience size and recent engagement not measured,874,Unionville Athletic Club,active,"https://www.unionvilleac.com/
https://www.unionvilleac.com/pages/contact-us/privileges
https://www.unionvilleac.com/pages/contact-us/contact-gym-markham-ontario
https://www.unionvilleac.com/pages/contact-us
https://www.unionvilleac.com/pages/about-fitness-club-gym-markham-ontario",2026-10-05,Not contacted,,Only offer a sample through a warm introduction to the wellness or retail manager.
144,Long tail,Low,West End Athletic Club,Etobicoke,Ontario,Canada,https://westendac.com/,https://www.instagram.com/westend.ac/,Gym Sauna,Gym Sauna (database classification; heater type unverified),1 database locations; total brand locations unknown,Unknown; not manually verified for this lower-priority account,Unknown; not manually verified for this lower-priority account,Not publicly identified in reviewed material,Ask for owner / manager / retail buyer,info@westendac.com,https://westendac.com/,https://westendac.com/contact,1,2,3,Not established,"West End Athletic Club has a fitness community, but the database lists sauna mainly as a gym amenity; a dedicated accessory buyer is not established.",Ask for product feedback,Only offer a sample through a warm introduction to the wellness or retail manager.,Confirm sauna prominence and local retail authority before any outreach.,Database triage + limited official-site contact scan; not fully qualified,Official-site profile link found; audience size and recent engagement not measured,868,West End Athletic Club,active,"https://westendac.com/
https://westendac.com/contact
https://westendac.com/about
https://westendac.com/memberships",2026-10-05,Not contacted,,Only offer a sample through a warm introduction to the wellness or retail manager.
145,Long tail,Low,Brooklyn Boulders Queensbridge,Long Island City,New York,United States,https://qb.brooklynboulders.com/,https://www.instagram.com/brooklynbouldersnyc/,Gym Sauna,Gym Sauna (database classification; heater type unverified),1 database locations; total brand locations unknown,Unknown; not manually verified for this lower-priority account,Unknown; not manually verified for this lower-priority account,Not publicly identified in reviewed material,Ask for owner / manager / retail buyer,Not found,Not found,https://qb.brooklynboulders.com/,1,2,2,Not established,"Brooklyn Boulders Queensbridge has a fitness community, but the database lists sauna mainly as a gym amenity; a dedicated accessory buyer is not established.",Ask for product feedback,Only offer a sample through a warm introduction to the wellness or retail manager.,Confirm sauna prominence and local retail authority before any outreach.,Database triage + limited official-site contact scan; not fully qualified,Official-site profile link found; audience size and recent engagement not measured,71,Brooklyn Boulders Queensbridge,active,"https://qb.brooklynboulders.com/
https://qb.brooklynboulders.com/pages/about-us
https://qb.brooklynboulders.com/products/week-to-week-membership
https://qb.brooklynboulders.com/products/month-membership",2026-10-05,Not contacted,,Only offer a sample through a warm introduction to the wellness or retail manager.
146,Long tail,Low,Midtown Athletic Club,Chicago,Illinois,United States,https://www.midtown.com/locations/chicago/,Not verified,Gym Sauna,Gym Sauna (database classification; heater type unverified),1 database locations; total brand locations unknown,Unknown; not manually verified for this lower-priority account,Unknown; not manually verified for this lower-priority account,Not publicly identified in reviewed material,Ask for owner / manager / retail buyer,Not found,Not found,https://www.midtown.com/contact-us/,1,2,2,Not established,"Midtown Athletic Club has a fitness community, but the database lists sauna mainly as a gym amenity; a dedicated accessory buyer is not established.",Ask for product feedback,Only offer a sample through a warm introduction to the wellness or retail manager.,Confirm sauna prominence and local retail authority before any outreach.,Database triage + limited official-site contact scan; not fully qualified,Profile / recent activity not verified,641,Midtown Athletic Club,active,"https://www.midtown.com/locations/chicago/
https://www.midtown.com/contact-us/
https://www.midtown.com/events/",2026-10-05,Not contacted,,Only offer a sample through a warm introduction to the wellness or retail manager.
147,Long tail,Low,Mission Cliffs,San Francisco,California,United States,https://touchstoneclimbing.com/mission-cliffs/,Not verified,Gym Sauna,Gym Sauna (database classification; heater type unverified),1 database locations; total brand locations unknown,Unknown; not manually verified for this lower-priority account,Unknown; not manually verified for this lower-priority account,Not publicly identified in reviewed material,Ask for owner / manager / retail buyer,Not found,Not found,https://touchstoneclimbing.com/mission-cliffs/,1,2,2,Not established,"Mission Cliffs has a fitness community, but the database lists sauna mainly as a gym amenity; a dedicated accessory buyer is not established.",Ask for product feedback,Only offer a sample through a warm introduction to the wellness or retail manager.,Confirm sauna prominence and local retail authority before any outreach. Website retrieval failed or returned no readable evidence; this is not proof of closure.,Database triage + limited official-site contact scan; not fully qualified,Profile / recent activity not verified,565,Mission Cliffs,active,,2026-10-05,Not contacted,,Only offer a sample through a warm introduction to the wellness or retail manager.
148,Long tail,Low,RVIVL,Playa Vista,California,United States,http://rvivl.co/,https://www.instagram.com/rvivl.co/,Infrared Sauna / Gym Sauna,Infrared Sauna / Gym Sauna (database classification; heater type unverified),1 database locations; total brand locations unknown,Unknown; not manually verified for this lower-priority account,Unknown; not manually verified for this lower-priority account,Not publicly identified in reviewed material,Ask for owner / manager / retail buyer,Not found,Not found,http://rvivl.co/,1,2,2,Not established,"RVIVL has a fitness community, but the database lists sauna mainly as a gym amenity; a dedicated accessory buyer is not established.",Ask for product feedback,Only offer a sample through a warm introduction to the wellness or retail manager.,Confirm sauna prominence and local retail authority before any outreach.,Database triage + limited official-site contact scan; not fully qualified,Official-site profile link found; audience size and recent engagement not measured,886,RVIVL,active,"https://rvivl.co/
https://rvivl.co/our-story/
https://rvivl.co/memberships/
https://rvivl.co/private-events/",2026-10-05,Not contacted,,Only offer a sample through a warm introduction to the wellness or retail manager.
149,Long tail,Low,"Ritual Urban Retreat - Wellness studio Yoga, Pilates, Sound Bath, Breathwork",Vancouver,British Columbia,Canada,https://www.ritualurbanretreat.com/,https://www.instagram.com/ritual.urban.retreat/,Gym Sauna,Gym Sauna (database classification; heater type unverified),1 database locations; total brand locations unknown,Unknown; not manually verified for this lower-priority account,Unknown; not manually verified for this lower-priority account,Not publicly identified in reviewed material,Ask for owner / manager / retail buyer,Not found,Not found,https://www.ritualurbanretreat.com/events-workshops-contact,1,2,2,Not established,"Ritual Urban Retreat - Wellness studio Yoga, Pilates, Sound Bath, Breathwork has a fitness community, but the database lists sauna mainly as a gym amenity; a dedicated accessory buyer is not established.",Ask for product feedback,Only offer a sample through a warm introduction to the wellness or retail manager.,Confirm sauna prominence and local retail authority before any outreach.,Database triage + limited official-site contact scan; not fully qualified,Official-site profile link found; audience size and recent engagement not measured,802,"Ritual Urban Retreat - Wellness studio Yoga, Pilates, Sound Bath, Breathwork",active,"https://www.ritualurbanretreat.com/
https://www.ritualurbanretreat.com/events-workshops-contact
https://www.ritualurbanretreat.com/contact",2026-10-05,Not contacted,,Only offer a sample through a warm introduction to the wellness or retail manager.
150,Long tail,Low,Silver Mountain Sports Club & Spa,Park City,Utah,United States,http://www.silvermountainspa.com/#new-page,http://instagram.com/silvermountainsportsclub,Gym Sauna,Gym Sauna (database classification; heater type unverified),1 database locations; total brand locations unknown,Unknown; not manually verified for this lower-priority account,Unknown; not manually verified for this lower-priority account,Not publicly identified in reviewed material,Ask for owner / manager / retail buyer,Not found,Not found,http://www.silvermountainspa.com/#new-page,1,2,2,Not established,"Silver Mountain Sports Club & Spa has a fitness community, but the database lists sauna mainly as a gym amenity; a dedicated accessory buyer is not established.",Ask for product feedback,Only offer a sample through a warm introduction to the wellness or retail manager.,Confirm sauna prominence and local retail authority before any outreach.,Database triage + limited official-site contact scan; not fully qualified,Official-site profile link found; audience size and recent engagement not measured,924,Silver Mountain Sports Club & Spa,active,http://www.silvermountainspa.com/#new-page,2026-10-05,Not contacted,,Only offer a sample through a warm introduction to the wellness or retail manager.
151,Long tail,Low,Steamworks (brand-level research account; ownership to confirm),Seattle; Chicago; Toronto,Washington; Illinois; Ontario,United States; Canada,https://www.swbaths.com/,https://www.instagram.com/steamworksseattle/,Modern Bathhouse / Gym Sauna,Modern Bathhouse / Gym Sauna (database classification; heater type unverified),3 database locations; total brand locations unknown,Unknown; not manually verified for this lower-priority account,Unknown; not manually verified for this lower-priority account,Not publicly identified in reviewed material,Ask for owner / manager / retail buyer,Not found,Not found,https://www.steamworksbaths.com/contact-chicago,1,2,2,Not established,"Steamworks (brand-level research account; ownership to confirm) has a fitness community, but the database lists sauna mainly as a gym amenity; a dedicated accessory buyer is not established.",Ask for product feedback,Only offer a sample through a warm introduction to the wellness or retail manager.,Confirm sauna prominence and local retail authority before any outreach. Same-name bathhouse listings grouped to avoid duplicate outreach; common ownership across domains is not established.,Database triage + limited official-site contact scan; not fully qualified,Official-site profile link found; audience size and recent engagement not measured,575; 643; 819,Steamworks Baths Seattle; Steamworks Chicago; Steamworks Baths,active,"https://www.swbaths.com/
https://www.swbaths.ca/
https://www.steamworksbaths.com/chicago
https://www.steamworksbaths.com/contact-chicago
https://www.steamworksbaths.com/contact
https://www.steamworksbaths.com/chicago-events",2026-10-05,Not contacted,,Only offer a sample through a warm introduction to the wellness or retail manager.
152,Long tail,Low,Anytime Fitness,Heber City,Utah,United States,https://www.anytimefitness.com/locations/heber-city-utah-5611/,Not verified,Gym Sauna,Gym Sauna (database classification; heater type unverified),1 database locations; total brand locations unknown,Unknown; not manually verified for this lower-priority account,Unknown; not manually verified for this lower-priority account,Not publicly identified in reviewed material,Ask for owner / manager / retail buyer,Not found,Not found,https://www.anytimefitness.com/locations/heber-city-utah-5611/,1,1,1,Not established,"Anytime Fitness could reach wellness users, but chain/franchise purchasing and a less specific sauna-culture fit make it inefficient for first outreach.",Ask for product feedback,Only pursue with a warm introduction to a local franchise owner or brand retail buyer.,Local buying autonomy is not verified. Chain sites consolidated; exact total location count not researched. Website retrieval failed or returned no readable evidence; this is not proof of closure.,Database triage + limited official-site contact scan; not fully qualified,Profile / recent activity not verified,945,Anytime Fitness,active,,2026-10-05,Not contacted,,Only pursue with a warm introduction to a local franchise owner or brand retail buyer.
153,Long tail,Low,Bay Club (including Magnuson Athletic Club),San Francisco; Seattle,California; Washington,United States,https://bayclubs.com/clubs/financialdistrict,https://www.instagram.com/bayclubs/,Gym Sauna,Gym Sauna (database classification; heater type unverified),2 database locations; total brand locations unknown,Unknown; not manually verified for this lower-priority account,Unknown; not manually verified for this lower-priority account,Not publicly identified in reviewed material,Ask for owner / manager / retail buyer,info.bcfd@bayclubs.com,https://bayclubs.com/clubs/financialdistrict,https://bayclubs.com/contact-us,1,1,1,Not established,"Bay Club Financial District could reach wellness users, but chain/franchise purchasing and a less specific sauna-culture fit make it inefficient for first outreach.",Ask for product feedback,Only pursue with a warm introduction to a local franchise owner or brand retail buyer.,Local buying autonomy is not verified. Chain sites consolidated; exact total location count not researched. Magnuson redirects to the official Bay Club site and is consolidated here.,Database triage + limited official-site contact scan; not fully qualified,Official-site profile link found; audience size and recent engagement not measured,66; 612,Bay Club Financial District; Magnuson Athletic Club,active,"https://bayclubs.com/clubs/financialdistrict
https://bayclubs.com/contact-us
https://bayclubs.com/memberships
https://bayclubs.com/membershipguidelines
https://bayclubs.com/events
https://www.bayclubs.com/clubs/magnuson-athletic-club
https://www.bayclubs.com/contact-us
https://www.bayclubs.com/memberships
https://www.bayclubs.com/membershipguidelines
https://www.bayclubs.com/events",2026-10-05,Not contacted,,Only pursue with a warm introduction to a local franchise owner or brand retail buyer.
154,Long tail,Low,Life Time,New York City (Brooklyn); Chicago; Houston; Sugar Land; Shenandoah; Minneapolis,New York; Illinois; Texas; Minnesota,United States,https://www.lifetime.life/spa,https://instagram.com/lifetime.life,Gym Sauna / Infrared Sauna,Gym Sauna / Infrared Sauna (database classification; heater type unverified),8 database locations; total brand locations unknown,Unknown; not manually verified for this lower-priority account,Unknown; not manually verified for this lower-priority account,Not publicly identified in reviewed material,Ask for owner / manager / retail buyer,Not found,Not found,https://www.lifetime.life/spa,1,1,1,Not established,"Life Time could reach wellness users, but chain/franchise purchasing and a less specific sauna-culture fit make it inefficient for first outreach.",Ask for product feedback,Only pursue with a warm introduction to a local franchise owner or brand retail buyer.,Local buying autonomy is not verified. Chain sites consolidated; exact total location count not researched.,Database triage + limited official-site contact scan; not fully qualified,Official-site profile link found; audience size and recent engagement not measured,69; 636; 713; 737; 741; 750; 760; 904,Life Time Atlantic Avenue; Life Time River North; Life Time; Life Time; Life Time; Life Time; Life Time; Life Time,active,"https://www.lifetime.life/
https://www.lifetime.life/locations/ny/midtown/memberships.html",2026-10-05,Not contacted,,Only pursue with a warm introduction to a local franchise owner or brand retail buyer.
155,Long tail,Low,Perspire Sauna Studio,New York City (Brooklyn); Berkeley; Mountain View; Santa Clara; Chicago; Houston; The Woodlands; Los Angeles; Santa Monica; Maple Grove; Plymouth; New York City,New York; California; Illinois; Texas; Minnesota,United States,https://www.perspiresaunastudio.com/ny/williamsburg/,https://www.instagram.com/perspiresaunastudio/,Infrared Sauna / Boutique Sauna / Modern Bathhouse,Infrared Sauna / Boutique Sauna / Modern Bathhouse (database classification; heater type unverified),13 database locations; total brand locations unknown,Unknown; not manually verified for this lower-priority account,Unknown; not manually verified for this lower-priority account,Not publicly identified in reviewed material,Ask for owner / manager / retail buyer,williamsburg@perspiresaunastudio.com,https://www.perspiresaunastudio.com/locations/williamsburg,https://www.perspiresaunastudio.com/ny/williamsburg/,1,1,1,Not established,"Perspire Sauna Studio could reach wellness users, but chain/franchise purchasing and a less specific sauna-culture fit make it inefficient for first outreach.",Ask for product feedback,Only pursue with a warm introduction to a local franchise owner or brand retail buyer.,Local buying autonomy is not verified. Chain sites consolidated; exact total location count not researched.,Database triage + limited official-site contact scan; not fully qualified,Official-site profile link found; audience size and recent engagement not measured,15; 548; 556; 557; 638; 704; 754; 879; 890; 892; 898; 903; 917,Perspire Sauna Studio; Perspire Sauna Studio — Berkeley; Perspire Sauna Studio — Mountain View; Perspire Sauna Studio — Santa Clara; Perspire Sauna Studio; Perspire Sauna Studio; Perspire Sauna Studio; Perspire Sauna Studio; Perspire Sauna Studio; Perspire Sauna Studio; Perspire Sauna Studio; Perspire Sauna Studio; Perspire Sauna Studio Flatiron,active,"https://www.perspiresaunastudio.com/locations/williamsburg
https://www.perspiresaunastudio.com/about-us",2026-10-05,Not contacted,,Only pursue with a warm introduction to a local franchise owner or brand retail buyer.
156,Long tail,Low,QC NY SPA,New York City,New York,United States,https://www.qcny.com/,Not verified,Day Spa,Day Spa (database classification; heater type unverified),1 database locations; total brand locations unknown,Unknown; not manually verified for this lower-priority account,Unknown; not manually verified for this lower-priority account,Not publicly identified in reviewed material,Ask for owner / manager / retail buyer,Not found,Not found,https://www.qcny.com/,1,1,1,Not established,"QC NY SPA could reach wellness users, but chain/franchise purchasing and a less specific sauna-culture fit make it inefficient for first outreach.",Ask for product feedback,Only pursue with a warm introduction to a local franchise owner or brand retail buyer.,Local buying autonomy is not verified. Chain sites consolidated; exact total location count not researched. Website retrieval failed or returned no readable evidence; this is not proof of closure.,Database triage + limited official-site contact scan; not fully qualified,Profile / recent activity not verified,9,QC NY SPA,active,,2026-10-05,Not contacted,,Only pursue with a warm introduction to a local franchise owner or brand retail buyer.
157,Long tail,Low,Restore Hyper Wellness,Houston; Katy; Sugar Land; Marina Del Rey; Santa Monica,Texas; California,United States,https://www.restore.com/locations/tx-houston-river-oaks-tx007,https://www.instagram.com/rhw_riveroaks,Day Spa / Infrared Sauna,Day Spa / Infrared Sauna (database classification; heater type unverified),6 database locations; total brand locations unknown,Unknown; not manually verified for this lower-priority account,Unknown; not manually verified for this lower-priority account,Not publicly identified in reviewed material,Ask for owner / manager / retail buyer,frontdesktx007@restore.com,https://www.restore.com/locations/tx-houston-river-oaks-tx007,https://www.restore.com/contact-us,1,1,1,Not established,"Restore Hyper Wellness could reach wellness users, but chain/franchise purchasing and a less specific sauna-culture fit make it inefficient for first outreach.",Ask for product feedback,Only pursue with a warm introduction to a local franchise owner or brand retail buyer.,Local buying autonomy is not verified. Chain sites consolidated; exact total location count not researched.,Database triage + limited official-site contact scan; not fully qualified,Official-site profile link found; audience size and recent engagement not measured,707; 714; 746; 749; 882; 891,Restore Hyper Wellness; Restore Hyper Wellness; Restore Hyper Wellness; Restore Hyper Wellness; Restore Hyper Wellness; Restore Hyper Wellness,active,"https://www.restore.com/locations/tx-houston-river-oaks-tx007
https://www.restore.com/contact-us
https://www.restore.com/about-us
https://www.restore.com/memberships",2026-10-05,Not contacted,,Only pursue with a warm introduction to a local franchise owner or brand retail buyer.
158,Long tail,Low,SweatHouz,San Francisco; Chicago; Denver,California; Illinois; Colorado,United States,https://sweathouz.com,Not verified,Infrared Sauna,Infrared Sauna (database classification; heater type unverified),3 database locations; total brand locations unknown,Unknown; not manually verified for this lower-priority account,Unknown; not manually verified for this lower-priority account,Not publicly identified in reviewed material,Ask for owner / manager / retail buyer,Not found,Not found,https://sweathouz.com,1,1,1,Not established,"SweatHouz could reach wellness users, but chain/franchise purchasing and a less specific sauna-culture fit make it inefficient for first outreach.",Ask for product feedback,Only pursue with a warm introduction to a local franchise owner or brand retail buyer.,Local buying autonomy is not verified. Chain sites consolidated; exact total location count not researched. Website retrieval failed or returned no readable evidence; this is not proof of closure.,Database triage + limited official-site contact scan; not fully qualified,Profile / recent activity not verified,61; 639; 698,SweatHouz; SweatHouz Old Town; SweatHouz — South Broadway,active,,2026-10-05,Not contacted,,Only pursue with a warm introduction to a local franchise owner or brand retail buyer.
159,Long tail,Low,TMPL,New York City,New York,United States,https://www.tmplclubs.com/locations/tmpl-avenue-a,https://www.instagram.com/tmplclubs/,Gym Sauna,Gym Sauna (database classification; heater type unverified),2 database locations; total brand locations unknown,Unknown; not manually verified for this lower-priority account,Unknown; not manually verified for this lower-priority account,Not publicly identified in reviewed material,Ask for owner / manager / retail buyer,Not found,Not found,https://www.tmplclubs.com/contact-us,1,1,1,Not established,"TMPL could reach wellness users, but chain/franchise purchasing and a less specific sauna-culture fit make it inefficient for first outreach.",Ask for product feedback,Only pursue with a warm introduction to a local franchise owner or brand retail buyer.,Local buying autonomy is not verified. Chain sites consolidated; exact total location count not researched.,Database triage + limited official-site contact scan; not fully qualified,Official-site profile link found; audience size and recent engagement not measured,72; 90,TMPL Avenue A; TMPL West Village,active,"https://www.tmplclubs.com/locations/tmpl-avenue-a
https://www.tmplclubs.com/contact-us",2026-10-05,Not contacted,,Only pursue with a warm introduction to a local franchise owner or brand retail buyer.
160,Long tail,Low,Villa Sport Athletic Club,Katy; The Woodlands,Texas,United States,https://www.villasport.com/cinco-ranch/,https://www.instagram.com/villasport_cincoranch,Gym Sauna / Infrared Sauna,Gym Sauna / Infrared Sauna (database classification; heater type unverified),2 database locations; total brand locations unknown,Unknown; not manually verified for this lower-priority account,Unknown; not manually verified for this lower-priority account,Not publicly identified in reviewed material,Ask for owner / manager / retail buyer,Not found,Not found,https://www.villasport.com/?redirect_to=about%2Fcontact,1,1,1,Not established,"Villa Sport Athletic Club could reach wellness users, but chain/franchise purchasing and a less specific sauna-culture fit make it inefficient for first outreach.",Ask for product feedback,Only pursue with a warm introduction to a local franchise owner or brand retail buyer.,Local buying autonomy is not verified. Chain sites consolidated; exact total location count not researched.,Database triage + limited official-site contact scan; not fully qualified,Official-site profile link found; audience size and recent engagement not measured,748; 758,Villa Sport Athletic Club; Villa Sport Athletic Club,active,"https://www.villasport.com/cinco-ranch/
https://www.villasport.com/?redirect_to=about%2Fcontact
https://www.villasport.com/cinco-ranch/about/contact",2026-10-05,Not contacted,,Only pursue with a warm introduction to a local franchise owner or brand retail buyer.
161,Long tail,Low,beem Light Sauna,New York City (Brooklyn); Houston; The Woodlands; Excelsior,New York; Texas; Minnesota,United States,https://beemlightsauna.com/park-slope/,https://www.instagram.com/beemlightsauna/,Infrared Sauna / Boutique Sauna,Infrared Sauna / Boutique Sauna (database classification; heater type unverified),4 database locations; total brand locations unknown,Unknown; not manually verified for this lower-priority account,Unknown; not manually verified for this lower-priority account,Not publicly identified in reviewed material,Ask for owner / manager / retail buyer,parkslope@beemlightsauna.com,https://www.beemlightsauna.com/location/park-slope,https://www.beemlightsauna.com/contact-us,1,1,1,Not established,"beem Light Sauna could reach wellness users, but chain/franchise purchasing and a less specific sauna-culture fit make it inefficient for first outreach.",Ask for product feedback,Only pursue with a warm introduction to a local franchise owner or brand retail buyer.,Local buying autonomy is not verified. Chain sites consolidated; exact total location count not researched.,Database triage + limited official-site contact scan; not fully qualified,Official-site profile link found; audience size and recent engagement not measured,20; 706; 755; 910,"beem Light Sauna; beem Light Sauna River Oaks; beem Light Sauna - The Woodlands, Tx; beem® Light Sauna Excelsior",active,"https://www.beemlightsauna.com/location/park-slope
https://www.beemlightsauna.com/contact-us",2026-10-05,Not contacted,,Only pursue with a warm introduction to a local franchise owner or brand retail buyer.
